time,sv,SVclockBias,SVclockDrift,SVclockDriftRate,IODEC,Crs,DeltaN,M0,Cuc,Eccentricity,Cus,sqrtA,Toe,Cic,Omega0,Cis,Io,Crc,omega,OmegaDot,IDOT,BDTWeek,URA,health,TGD,TransTime
2021-06-24 00:00:00,I02,,,,,,,,,,,,,,,,,,,,,,,,,
2021-06-24 00:00:00,I04,,,,,,,,,,,,,,,,,,,,,,,,,
2021-06-24 00:00:00,I05,,,,,,,,,,,,,,,,,,,,,,,,,
2021-06-24 00:00:00,I09,0.0007623047567904,-2.773958840407e-11,0.0,0.0,206.0625,3.171560679661e-09,0.7512157000178,6.549060344696e-06,0.001829810556956,2.816319465637e-05,6493.503732681,345600.0,5.215406417847e-08,-2.882886621674,2.756714820862e-07,0.5082782060675,-770.75,-3.120650200087,-2.738685505816e-09,1.361485282755e-09,2163.0,2.0,0.0,-1.862645e-09,345612.0
2021-06-24 00:05:36,I02,,,,,,,,,,,,,,,,,,,,,,,,,
2021-06-24 00:05:36,I04,,,,,,,,,,,,,,,,,,,,,,,,,
2021-06-24 00:05:36,I05,0.0006697187200189,2.874003257602e-10,0.0,161.0,-106.3125,2.841546933264e-09,2.026347762958,-3.617256879807e-06,0.001789698144421,2.773851156235e-05,6493.286027908,345936.0,-1.527369022369e-07,-3.108911306543,-5.587935447693e-08,0.5099614703307,-764.375,3.126472605265,-2.332954319769e-09,9.868268195838e-10,2163.0,2.0,0.0,-4.656613e-10,346332.0
2021-06-24 00:05:36,I09,,,,,,,,,,,,,,,,,,,,,,,,,
2021-06-24 00:20:48,I02,,,,,,,,,,,,,,,,,,,,,,,,,
2021-06-24 00:20:48,I04,,,,,,,,,,,,,,,,,,,,,,,,,
2021-06-24 00:20:48,I05,0.0006699818186462,2.88309820462e-10,0.0,162.0,-107.5,2.842975564201e-09,2.094190071011,-3.676861524582e-06,0.001791047514416,2.780929207802e-05,6493.276996613,346848.0,-1.4528632164e-07,-3.108915468545,-5.960464477539e-08,0.5099628015862,-766.4375,3.125142028607,-2.335811581642e-09,9.839695577102e-10,2163.0,2.0,0.0,-4.656613e-10,347100.0
2021-06-24 00:20:48,I09,,,,,,,,,,,,,,,,,,,,,,,,,
2021-06-24 00:36:00,I02,,,,,,,,,,,,,,,,,,,,,,,,,
2021-06-24 00:36:00,I04,,,,,,,,,,,,,,,,,,,,,,,,,
2021-06-24 00:36:00,I05,0.0006702477112412,2.900151230278e-10,0.0,163.0,-111.0,2.840118302327e-09,2.159698868195,-3.810971975327e-06,0.001790027599782,2.791732549667e-05,6493.283311844,347760.0,-1.415610313416e-07,-3.10891641359,-6.332993507385e-08,0.5099634174747,-769.8125,3.126142338342,-2.337240212579e-09,9.825409267734e-10,2163.0,2.0,0.0,-4.656613e-10,347964.0
2021-06-24 00:36:00,I09,,,,,,,,,,,,,,,,,,,,,,,,,
2021-06-24 00:50:24,I02,,,,,,,,,,,,,,,,,,,,,,,,,
2021-06-24 00:50:24,I04,,,,,,,,,,,,,,,,,,,,,,,,,
2021-06-24 00:50:24,I05,0.0006704982370138,2.902424967033e-10,0.0,164.0,-116.9375,2.832975147643e-09,2.222166918469,-4.01958823204e-06,0.001789387664758,2.803280949593e-05,6493.286542892,348624.0,-1.415610313416e-07,-3.108918068151,-6.705522537231e-08,0.5099641474708,-773.75,3.126683442481,-2.335811581642e-09,9.821837690392e-10,2163.0,2.0,0.0,-4.656613e-10,348828.0
2021-06-24 00:50:24,I09,,,,,,,,,,,,,,,,,,,,,,,,,
2021-06-24 01:05:36,I02,,,,,,,,,,,,,,,,,,,,,,,,,
2021-06-24 01:05:36,I04,,,,,,,,,,,,,,,,,,,,,,,,,
2021-06-24 01:05:36,I05,0.0006707622669637,2.893330020015e-10,0.0,165.0,-126.0625,2.818688838275e-09,2.288066718546,-4.328787326813e-06,0.001788521534763,2.814456820488e-05,6493.290313721,349536.0,-1.415610313416e-07,-3.108919964093,-7.450580596924e-08,0.5099649272062,-777.875,3.127293354972,-2.332954319769e-09,9.828980845076e-10,2163.0,2.0,0.0,-4.656613e-10,349740.0
2021-06-24 01:05:36,I09,,,,,,,,,,,,,,,,,,,,,,,,,
2021-06-24 01:20:48,I02,,,,,,,,,,,,,,,,,,,,,,,,,
2021-06-24 01:20:48,I04,,,,,,,,,,,,,,,,,,,,,,,,,
2021-06-24 01:20:48,I05,0.0006710248999298,2.88309820462e-10,0.0,166.0,-138.4375,2.800116636097e-09,2.353972224003,-4.72366809845e-06,0.001787555753253,2.823024988174e-05,6493.294044495,350448.0,-1.415610313416e-07,-3.108921965364,-8.195638656616e-08,0.5099657318111,-781.25,3.127897491863,-2.331525688832e-09,9.846838731786e-10,2163.0,2.0,0.0,-4.656613e-10,350652.0
2021-06-24 01:20:48,I09,,,,,,,,,,,,,,,,,,,,,,,,,
2021-06-24 01:36:00,I02,,,,,,,,,,,,,,,,,,,,,,,,,
2021-06-24 01:36:00,I04,,,,,,,,,,,,,,,,,,,,,,,,,
2021-06-24 01:36:00,I05,0.0006712866015732,2.871729520848e-10,0.0,167.0,-153.375,2.772972648298e-09,2.420325388245,-5.189329385757e-06,0.001787290908396,2.825632691383e-05,6493.294157028,351360.0,-1.378357410431e-07,-3.108924907293,-9.313225746155e-08,0.5099669533477,-782.9375,3.12805469704,-2.324382534148e-09,9.861125041154e-10,2163.0,2.0,0.0,-4.656613e-10,351564.0
2021-06-24 01:36:00,I09,,,,,,,,,,,,,,,,,,,,,,,,,
2021-06-24 01:50:24,I02,,,,,,,,,,,,,,,,,,,,,,,,,
2021-06-24 01:50:24,I04,,,,,,,,,,,,,,,,,,,,,,,,,
2021-06-24 01:50:24,I05,0.0006715357303619,2.884235072997e-10,0.0,168.0,-169.5,2.742971398626e-09,2.483109776998,-5.681067705154e-06,0.001786964130588,2.821534872055e-05,6493.294561386,352224.0,-1.341104507446e-07,-3.108927451307,-1.080334186554e-07,0.5099680856463,-782.25,3.128279769912,-2.315810748527e-09,9.878982927864e-10,2163.0,2.0,0.0,-4.656613e-10,352476.0
2021-06-24 01:50:24,I09,,,,,,,,,,,,,,,,,,,,,,,,,
2021-06-24 02:00:00,I02,,,,,,,,,,,,,,,,,,,,,,,,,
2021-06-24 02:00:00,I04,,,,,,,,,,,,,,,,,,,,,,,,,
2021-06-24 02:00:00,I05,,,,,,,,,,,,,,,,,,,,,,,,,
2021-06-24 02:00:00,I09,0.0007621017284691,-2.796696207952e-11,0.0,1.0,149.6875,3.161560263104e-09,1.279911861032,4.570931196213e-06,0.001826856285334,2.638623118401e-05,6493.48604393,352800.0,-2.086162567139e-07,-2.882903889959,2.644956111908e-07,0.5082881202633,-714.8125,-3.124318786087,-2.624395030873e-09,1.261481117181e-09,2163.0,2.0,0.0,-1.862645e-09,352812.0
2021-06-24 02:05:36,I02,,,,,,,,,,,,,,,,,,,,,,,,,
2021-06-24 02:05:36,I04,,,,,,,,,,,,,,,,,,,,,,,,,
2021-06-24 02:05:36,I05,0.000671798363328,2.876276994357e-10,0.0,169.0,-187.75,2.70582699427e-09,2.548259146913,-6.228685379028e-06,0.001783659681678,2.80886888504e-05,6493.306446075,353136.0,-1.303851604462e-07,-3.108928400741,-1.229345798492e-07,0.5099682743627,-778.75,3.129638870547,-2.307238962907e-09,9.900412391915e-10,2163.0,2.0,0.0,-4.656613e-10,353340.0
2021-06-24 02:05:36,I09,,,,,,,,,,,,,,,,,,,,,,,,,
2021-06-24 02:20:48,I02,,,,,,,,,,,,,,,,,,,,,,,,,
2021-06-24 02:20:48,I04,,,,,,,,,,,,,,,,,,,,,,,,,
2021-06-24 02:20:48,I05,0.0006720586679876,2.861497705453e-10,0.0,170.0,-206.375,2.66582532804e-09,2.614569193107,-6.780028343201e-06,0.001783094950952,2.787262201309e-05,6493.307096481,354048.0,-1.229345798492e-07,-3.108931206618,-1.378357410431e-07,0.5099695866003,-772.125,3.129838627622,-2.295809915412e-09,9.918270278625e-10,2163.0,2.0,0.0,-4.656613e-10,354252.0
2021-06-24 02:20:48,I09,,,,,,,,,,,,,,,,,,,,,,,,,
2021-06-24 02:36:00,I02,,,,,,,,,,,,,,,,,,,,,,,,,
2021-06-24 02:36:00,I04,,,,,,,,,,,,,,,,,,,,,,,,,
2021-06-24 02:36:00,I05,0.0006723185069859,2.855813363567e-10,0.0,171.0,-224.1875,2.621537768999e-09,2.680782426308,-7.297843694687e-06,0.001782133360393,2.757087349892e-05,6493.309089661,354960.0,-1.117587089539e-07,-3.108933757947,-1.527369022369e-07,0.5099708256919,-762.5,3.130134925587,-2.282952236981e-09,9.939699742677e-10,2163.0,2.0,0.0,-4.656613e-10,355116.0
2021-06-24 02:36:00,I09,,,,,,,,,,,,,,,,,,,,,,,,,
2021-06-24 02:50:24,I02,,,,,,,,,,,,,,,,,,,,,,,,,
2021-06-24 02:50:24,I04,,,,,,,,,,,,,,,,,,,,,,,,,
2021-06-24 02:50:24,I05,0.000672566704452,2.86263457383e-10,0.0,172.0,-239.4375,2.577250209959e-09,2.743409130048,-7.737427949905e-06,0.001780731254257,2.722442150116e-05,6493.312683105,355824.0,-1.005828380585e-07,-3.108935904048,-1.676380634308e-07,0.5099718497345,-751.0,3.130516871553,-2.267237296677e-09,9.964700784071e-10,2163.0,2.0,0.0,-4.656613e-10,356028.0
2021-06-24 02:50:24,I09,,,,,,,,,,,,,,,,,,,,,,,,,
2021-06-24 03:05:36,I02,,,,,,,,,,,,,,,,,,,,,,,,,
2021-06-24 03:05:36,I04,,,,,,,,,,,,,,,,,,,,,,,,,
2021-06-24 03:05:36,I05,0.0006728321313858,2.894466888392e-10,0.0,173.0,-253.0,2.527248127171e-09,2.809794090814,-8.121132850647e-06,0.001780462567694,2.681091427803e-05,6493.312232971,356736.0,-8.195638656616e-08,-3.108938588503,-1.862645149231e-07,0.5099735759779,-737.1875,3.130641270792,-2.248665094499e-09,9.989701825464e-10,2163.0,2.0,0.0,-4.656613e-10,356940.0
2021-06-24 03:05:36,I09,,,,,,,,,,,,,,,,,,,,,,,,,
2021-06-24 03:20:48,I02,,,,,,,,,,,,,,,,,,,,,,,,,
2021-06-24 03:20:48,I04,,,,,,,,,,,,,,,,,,,,,,,,,
2021-06-24 03:20:48,I05,0.0006730984896421,2.920614861068e-10,0.0,174.0,-263.5,2.475817413447e-09,2.875737046974,-8.419156074524e-06,0.001777332159691,2.638623118401e-05,6493.321481705,357648.0,-5.960464477539e-08,-3.10893979541,-2.048909664154e-07,0.5099735423307,-722.5625,3.131206327289,-2.224378368573e-09,1.00182744442e-09,2163.0,2.0,0.0,-4.656613e-10,357852.0
2021-06-24 03:20:48,I09,,,,,,,,,,,,,,,,,,,,,,,,,
2021-06-24 03:50:24,I02,,,,,,,,,,,,,,,,,,,,,,,,,
2021-06-24 03:50:24,I04,,,,,,,,,,,,,,,,,,,,,,,,,
2021-06-24 03:50:24,I05,0.0006736172363162,2.919477992691e-10,0.0,176.0,-274.75,2.374384616936e-09,3.004958302289,-8.728355169296e-06,0.001773845171556,2.562999725342e-05,6493.330694199,359424.0,3.725290298462e-09,-3.108943884266,-2.421438694e-07,0.5099755260477,-696.3125,3.131501939145,-2.167233131102e-09,1.00611333723e-09,2163.0,2.0,0.0,-4.656613e-10,359964.0
2021-06-24 03:50:24,I09,,,,,,,,,,,,,,,,,,,,,,,,,
2021-06-24 04:00:00,I02,,,,,,,,,,,,,,,,,,,,,,,,,
2021-06-24 04:00:00,I04,,,,,,,,,,,,,,,,,,,,,,,,,
2021-06-24 04:00:00,I05,,,,,,,,,,,,,,,,,,,,,,,,,
2021-06-24 04:00:00,I09,0.0007618963718414,-2.819433575496e-11,0.0,2.0,147.75,3.145845322799e-09,1.806197753329,4.485249519348e-06,0.001826722407714,2.524256706238e-05,6493.480537415,360000.0,-2.123415470123e-07,-2.882920429711,-2.235174179077e-08,0.5082967412395,-689.6875,-3.125573210544,-2.622966399936e-09,1.136833067946e-09,2163.0,2.0,0.0,-1.862645e-09,360012.0
2021-06-24 04:05:36,I02,,,,,,,,,,,,,,,,,,,,,,,,,
2021-06-24 04:05:36,I04,,,,,,,,,,,,,,,,,,,,,,,,,
2021-06-24 04:05:36,I05,0.0006738817319274,2.909246177296e-10,0.0,177.0,-276.5625,2.325811165085e-09,3.071528835676,-8.776783943176e-06,0.00177431164775,2.534314990044e-05,6493.328344345,360336.0,4.097819328308e-08,-3.108946110827,-2.495944499969e-07,0.5099771615901,-686.125,3.131439914345,-2.134374619556e-09,1.007184810433e-09,2163.0,2.0,0.0,-4.656613e-10,360876.0
2021-06-24 04:05:36,I09,,,,,,,,,,,,,,,,,,,,,,,,,
2021-06-24 04:36:00,I02,,,,,,,,,,,,,,,,,,,,,,,,,
2021-06-24 04:36:00,I04,-1.786416396499e-05,6.252776074689e-12,0.0,179.0,441.8125,2.268665927614e-09,-0.02501923753453,1.4279037714e-05,0.002190189785324,2.435222268105e-05,6493.293743134,362160.0,5.215406417847e-08,0.04873424849135,1.303851604462e-07,0.5120570229446,-653.3125,-3.081419007459,-2.077229382084e-09,-8.564642466022e-10,2163.0,2.0,0.0,-1.396984e-09,362748.0
2021-06-24 04:36:00,I05,,,,,,,,,,,,,,,,,,,,,,,,,
2021-06-24 04:36:00,I09,,,,,,,,,,,,,,,,,,,,,,,,,
2021-06-24 04:50:24,I02,,,,,,,,,,,,,,,,,,,,,,,,,
2021-06-24 04:50:24,I04,-1.785717904568e-05,6.139089236967e-12,0.0,180.0,438.375,2.317239379464e-09,0.03800961360726,1.418218016624e-05,0.002186913043261,2.482160925865e-05,6493.284412384,363024.0,2.607703208923e-08,0.04873243008418,1.229345798492e-07,0.5120558496843,-669.8125,-3.081438951421,-2.097230215199e-09,-8.553927733996e-10,2163.0,2.0,0.0,-1.396984e-09,363276.0
2021-06-24 04:50:24,I05,,,,,,,,,,,,,,,,,,,,,,,,,
2021-06-24 04:50:24,I09,,,,,,,,,,,,,,,,,,,,,,,,,
2021-06-24 05:05:36,I02,,,,,,,,,,,,,,,,,,,,,,,,,
2021-06-24 05:05:36,I04,-1.784926280379e-05,5.684341886081e-12,0.0,181.0,431.5,2.370098724125e-09,0.104693155953,1.399219036102e-05,0.002183750388213,2.534314990044e-05,6493.275737762,363936.0,7.450580596924e-09,0.04873104470076,1.117587089539e-07,0.5120563485394,-688.3125,-3.081613672116,-2.117231048314e-09,-8.532498269944e-10,2163.0,2.0,0.0,-1.396984e-09,364188.0
2021-06-24 05:05:36,I05,,,,,,,,,,,,,,,,,,,,,,,,,
2021-06-24 05:05:36,I09,,,,,,,,,,,,,,,,,,,,,,,,,
2021-06-24 05:20:48,I02,,,,,,,,,,,,,,,,,,,,,,,,,
2021-06-24 05:20:48,I04,-1.784553751349e-05,6.139089236967e-12,0.0,182.0,421.375,2.421529437849e-09,0.1713657527457,1.370906829834e-05,0.002182974945754,2.586469054222e-05,6493.27460289,364848.0,-3.725290298462e-09,0.04872843778074,9.313225746155e-08,0.5120548139383,-706.5,-3.081776057486,-2.131517357682e-09,-8.511068805893e-10,2163.0,2.0,0.0,-1.396984e-09,365100.0
2021-06-24 05:20:48,I05,,,,,,,,,,,,,,,,,,,,,,,,,
2021-06-24 05:20:48,I09,,,,,,,,,,,,,,,,,,,,,,,,,
2021-06-24 05:36:00,I02,,,,,,,,,,,,,,,,,,,,,,,,,
2021-06-24 05:36:00,I04,-1.784134656191e-05,6.252776074689e-12,0.0,183.0,408.4375,2.468674258763e-09,0.2379482571914,1.334771513939e-05,0.002183130010962,2.634525299072e-05,6493.276592255,365760.0,-7.450580596924e-09,0.04872631508661,8.195638656616e-08,0.5120535997163,-723.25,-3.081848744033,-2.142946405177e-09,-8.489639341841e-10,2163.0,2.0,0.0,-1.396984e-09,365964.0
2021-06-24 05:36:00,I05,,,,,,,,,,,,,,,,,,,,,,,,,
2021-06-24 05:36:00,I09,,,,,,,,,,,,,,,,,,,,,,,,,
2021-06-24 05:50:24,I02,,,,,,,,,,,,,,,,,,,,,,,,,
2021-06-24 05:50:24,I04,-1.78343616426e-05,6.139089236967e-12,0.0,184.0,394.3125,2.508675924993e-09,0.301184155129,1.294910907745e-05,0.002181645715609,2.673640847206e-05,6493.273084641,366624.0,-7.450580596924e-09,0.04872454788157,7.078051567078e-08,0.512052373791,-736.75,-3.08207542319,-2.148660928924e-09,-8.471781455131e-10,2163.0,2.0,0.0,-1.396984e-09,366876.0
2021-06-24 05:50:24,I05,,,,,,,,,,,,,,,,,,,,,,,,,
2021-06-24 05:50:24,I09,,,,,,,,,,,,,,,,,,,,,,,,,
2021-06-24 06:00:00,I02,,,,,,,,,,,,,,,,,,,,,,,,,
2021-06-24 06:00:00,I04,,,,,,,,,,,,,,,,,,,,,,,,,
2021-06-24 06:00:00,I05,,,,,,,,,,,,,,,,,,,,,,,,,
2021-06-24 06:00:00,I09,0.0007617040537298,-2.751221472863e-11,0.0,3.0,89.4375,3.012982645678e-09,2.328267060754,2.68965959549e-06,0.001823766971938,2.621486783028e-05,6493.495435715,367200.0,-1.564621925354e-07,-2.882938449935,-8.195638656616e-08,0.5083046863476,-724.0625,-3.122611793292,-2.600108304947e-09,1.114689288426e-09,2163.0,2.0,0.0,-1.862645e-09,367212.0
2021-06-24 06:05:36,I02,,,,,,,,,,,,,,,,,,,,,,,,,
2021-06-24 06:05:36,I04,-1.782923936844e-05,6.252776074689e-12,0.0,185.0,378.5,2.542963067476e-09,0.3679257241204,1.249834895134e-05,0.002180480747484,2.706795930862e-05,6493.27041626,367536.0,-3.725290298462e-09,0.04872249394458,6.705522537231e-08,0.5120515487052,-747.8125,-3.082306861219,-2.15008955986e-09,-8.461066723105e-10,2163.0,2.0,0.0,-1.396984e-09,367740.0
2021-06-24 06:05:36,I05,,,,,,,,,,,,,,,,,,,,,,,,,
2021-06-24 06:05:36,I09,,,,,,,,,,,,,,,,,,,,,,,,,
2021-06-24 06:20:48,I02,,,,,,,,,,,,,,,,,,,,,,,,,
2021-06-24 06:20:48,I04,-1.782178878784e-05,6.252776074689e-12,0.0,186.0,363.0,2.570107055275e-09,0.4348985863118,1.205503940582e-05,0.002178278053179,2.729892730713e-05,6493.263881683,368448.0,3.725290298462e-09,0.04872067846325,6.705522537231e-08,0.5120509664638,-755.5,-3.082769582207,-2.147232297987e-09,-8.457495145763e-10,2163.0,2.0,0.0,-1.396984e-09,368652.0
2021-06-24 06:20:48,I05,,,,,,,,,,,,,,,,,,,,,,,,,
2021-06-24 06:20:48,I09,,,,,,,,,,,,,,,,,,,,,,,,,
2021-06-24 06:36:00,I02,,,,,,,,,,,,,,,,,,,,,,,,,
2021-06-24 06:36:00,I04,-1.781666651368e-05,6.36646291241e-12,0.0,187.0,349.125,2.588679257453e-09,0.502046653424,1.164898276329e-05,0.002175705623813,2.743676304817e-05,6493.255321503,369360.0,7.450580596924e-09,0.04871894051657,7.82310962677e-08,0.5120509064842,-759.875,-3.083407050223,-2.140089143303e-09,-8.471781455131e-10,2163.0,2.0,0.0,-1.396984e-09,369564.0
2021-06-24 06:36:00,I05,,,,,,,,,,,,,,,,,,,,,,,,,
2021-06-24 06:36:00,I09,,,,,,,,,,,,,,,,,,,,,,,,,
2021-06-24 06:50:24,I02,,,,,,,,,,,,,,,,,,,,,,,,,
2021-06-24 06:50:24,I04,-1.780968159437e-05,6.36646291241e-12,0.0,188.0,338.3125,2.597251043074e-09,0.5649077868597,1.133233308792e-05,0.002176628098823,2.749264240265e-05,6493.259435654,370224.0,7.450580596924e-09,0.04871727864163,9.313225746155e-08,0.5120497873518,-761.5,-3.083258784939,-2.130088726745e-09,-8.496782496525e-10,2163.0,2.0,0.0,-1.396984e-09,370476.0
2021-06-24 06:50:24,I05,,,,,,,,,,,,,,,,,,,,,,,,,
2021-06-24 06:50:24,I09,,,,,,,,,,,,,,,,,,,,,,,,,
2021-06-24 07:05:36,I02,,,,,,,,,,,,,,,,,,,,,,,,,
2021-06-24 07:05:36,I04,-1.780223101377e-05,6.707523425575e-12,0.0,189.0,330.25,2.598679674011e-09,0.6320164151634,1.108646392822e-05,0.002174959285185,2.750009298325e-05,6493.253223419,371136.0,3.725290298462e-09,0.0487147594967,1.154839992523e-07,0.5120485175389,-761.4375,-3.083856445491,-2.115802417378e-09,-8.546784579312e-10,2163.0,2.0,0.0,-1.396984e-09,371340.0
2021-06-24 07:05:36,I05,,,,,,,,,,,,,,,,,,,,,,,,,
2021-06-24 07:05:36,I09,,,,,,,,,,,,,,,,,,,,,,,,,
2021-06-24 07:20:48,I02,,,,,,,,,,,,,,,,,,,,,,,,,
2021-06-24 07:20:48,I04,-1.779850572348e-05,6.480149750132e-12,0.0,190.0,325.9375,2.591536519327e-09,0.6984783327348,1.095235347748e-05,0.002175245666876,2.747774124146e-05,6493.25451088,372048.0,-1.117587089539e-08,0.04871324391357,1.341104507446e-07,0.5120478987246,-760.5625,-3.083808278913,-2.10151610801e-09,-8.611072971468e-10,2163.0,2.0,0.0,-1.396984e-09,372252.0
2021-06-24 07:20:48,I05,,,,,,,,,,,,,,,,,,,,,,,,,
2021-06-24 07:20:48,I09,,,,,,,,,,,,,,,,,,,,,,,,,
2021-06-24 07:36:00,I02,,,,,,,,,,,,,,,,,,,,,,,,,
2021-06-24 07:36:00,I04,-1.779431477189e-05,6.480149750132e-12,0.0,191.0,325.4375,2.577250209959e-09,0.7650371730176,1.092627644539e-05,0.002175074769184,2.745911478996e-05,6493.253845215,372960.0,-3.352761268616e-08,0.04871182049428,1.564621925354e-07,0.5120476748981,-759.9375,-3.083856727834,-2.084372536768e-09,-8.696790827675e-10,2163.0,2.0,0.0,-1.396984e-09,373164.0
2021-06-24 07:36:00,I05,,,,,,,,,,,,,,,,,,,,,,,,,
2021-06-24 07:36:00,I09,,,,,,,,,,,,,,,,,,,,,,,,,
2021-06-24 07:50:24,I02,,,,,,,,,,,,,,,,,,,,,,,,,
2021-06-24 07:50:24,I04,-1.778872683644e-05,6.480149750132e-12,0.0,192.0,328.0625,2.557249376844e-09,0.8279496402487,1.100078225136e-05,0.002175319590606,2.747401595116e-05,6493.254695892,373824.0,-5.960464477539e-08,0.04870933353354,1.676380634308e-07,0.5120465820983,-760.5625,-3.083758468015,-2.068657596464e-09,-8.793223415908e-10,2163.0,2.0,0.0,-1.396984e-09,374076.0
2021-06-24 07:50:24,I05,,,,,,,,,,,,,,,,,,,,,,,,,
2021-06-24 07:50:24,I09,,,,,,,,,,,,,,,,,,,,,,,,,
2021-06-24 08:05:36,I02,,,,,,,,,,,,,,,,,,,,,,,,,
2021-06-24 08:05:36,I04,-1.778360456228e-05,6.36646291241e-12,0.0,193.0,333.5,2.534391281855e-09,0.8941111724621,1.116096973419e-05,0.002175874309614,2.754479646683e-05,6493.257274628,374736.0,-9.685754776001e-08,0.04870777698871,1.750886440277e-07,0.5120458813605,-763.1875,-3.083409510851,-2.052942656159e-09,-8.90751389085e-10,2163.0,2.0,0.0,-1.396984e-09,374940.0
2021-06-24 08:05:36,I05,,,,,,,,,,,,,,,,,,,,,,,,,
2021-06-24 08:05:36,I09,,,,,,,,,,,,,,,,,,,,,,,,,
2021-06-24 08:20:48,I02,,,,,,,,,,,,,,,,,,,,,,,,,
2021-06-24 08:20:48,I04,-1.777708530426e-05,6.36646291241e-12,0.0,194.0,340.9375,2.507247294057e-09,0.9603158592959,1.13882124424e-05,0.00217626534868,2.769008278847e-05,6493.259096146,375648.0,-1.341104507446e-07,0.04870592054566,1.750886440277e-07,0.5120450738298,-768.375,-3.083103484481,-2.038656346791e-09,-9.032519097819e-10,2163.0,2.0,0.0,-1.396984e-09,375852.0
2021-06-24 08:20:48,I05,,,,,,,,,,,,,,,,,,,,,,,,,
2021-06-24 08:20:48,I09,,,,,,,,,,,,,,,,,,,,,,,,,
2021-06-24 08:36:00,I02,,,,,,,,,,,,,,,,,,,,,,,,,
2021-06-24 08:36:00,I04,-1.777056604624e-05,6.480149750132e-12,0.0,195.0,349.3125,2.478674675321e-09,1.026908659759,1.165643334389e-05,0.002176010981202,2.792105078697e-05,6493.257316589,376560.0,-1.676380634308e-07,0.0487050662015,1.676380634308e-07,0.5120445427905,-776.3125,-3.083186458269,-2.02579866836e-09,-9.164667459472e-10,2163.0,2.0,0.0,-1.396984e-09,376764.0
2021-06-24 08:36:00,I05,,,,,,,,,,,,,,,,,,,,,,,,,
2021-06-24 08:36:00,I09,,,,,,,,,,,,,,,,,,,,,,,,,
2021-06-24 08:50:24,I02,,,,,,,,,,,,,,,,,,,,,,,,,
2021-06-24 08:50:24,I04,-1.776544377208e-05,6.480149750132e-12,0.0,196.0,357.3125,2.451530687522e-09,1.089131460594,1.192092895508e-05,0.002176848705858,2.821907401085e-05,6493.26253891,377424.0,-2.011656761169e-07,0.04870351404542,1.490116119385e-07,0.512043765981,-786.3125,-3.082399352751,-2.015798251803e-09,-9.28967266644e-10,2163.0,2.0,0.0,-1.396984e-09,377676.0
2021-06-24 08:50:24,I05,,,,,,,,,,,,,,,,,,,,,,,,,
2021-06-24 08:50:24,I09,,,,,,,,,,,,,,,,,,,,,,,,,
2021-06-24 09:05:36,I02,,,,,,,,,,,,,,,,,,,,,,,,,
2021-06-24 09:05:36,I04,-1.776032149792e-05,6.480149750132e-12,0.0,197.0,365.25,2.424386699723e-09,1.154717561296,1.218914985657e-05,0.002177717280574,2.861022949219e-05,6493.268526077,378336.0,-2.309679985046e-07,0.04870039510408,1.266598701477e-07,0.5120426366082,-799.125,-3.081473960513,-2.007226466182e-09,-9.425392605435e-10,2163.0,2.0,0.0,-1.396984e-09,378588.0
2021-06-24 09:05:36,I05,,,,,,,,,,,,,,,,,,,,,,,,,
2021-06-24 09:05:36,I09,,,,,,,,,,,,,,,,,,,,,,,,,
2021-06-24 09:20:48,I02,,,,,,,,,,,,,,,,,,,,,,,,,
2021-06-24 09:20:48,I04,-1.775426790118e-05,6.480149750132e-12,0.0,198.0,371.9375,2.397242711924e-09,1.220763765825,1.242384314537e-05,0.002177845221013,2.90721654892e-05,6493.270494461,379248.0,-2.533197402954e-07,0.04870039802991,1.005828380585e-07,0.5120421026431,-813.75,-3.0810111971,-2.000083311498e-09,-9.557540967087e-10,2163.0,2.0,0.0,-1.396984e-09,379500.0
2021-06-24 09:20:48,I05,,,,,,,,,,,,,,,,,,,,,,,,,
2021-06-24 09:20:48,I09,,,,,,,,,,,,,,,,,,,,,,,,,
2021-06-24 09:36:00,I02,,,,,,,,,,,,,,,,,,,,,,,,,
2021-06-24 09:36:00,I04,-1.774681732059e-05,6.480149750132e-12,0.0,199.0,377.125,2.372955985999e-09,1.286973132534,1.261010766029e-05,0.002177940448746,2.958625555038e-05,6493.271398544,380160.0,-2.682209014893e-07,0.04869910042158,7.078051567078e-08,0.5120412673169,-829.75,-3.080710819057,-1.995797418688e-09,-9.686117751398e-10,2163.0,2.0,0.0,-1.396984e-09,380364.0
2021-06-24 09:36:00,I05,,,,,,,,,,,,,,,,,,,,,,,,,
2021-06-24 09:36:00,I09,,,,,,,,,,,,,,,,,,,,,,,,,
2021-06-24 09:50:24,I02,,,,,,,,,,,,,,,,,,,,,,,,,
2021-06-24 09:50:24,I04,-1.774216070771e-05,6.480149750132e-12,0.0,200.0,380.375,2.35009789101e-09,1.349120973447,1.273676753044e-05,0.002178338472731,3.010034561157e-05,6493.276491165,381024.0,-2.793967723846e-07,0.04869703331833,4.470348358154e-08,0.5120401320925,-845.625,-3.079848971592,-1.992940156814e-09,-9.800408226341e-10,2163.0,2.0,0.0,-1.396984e-09,381276.0
2021-06-24 09:50:24,I05,,,,,,,,,,,,,,,,,,,,,,,,,
2021-06-24 09:50:24,I09,,,,,,,,,,,,,,,,,,,,,,,,,
2021-06-24 10:05:36,I02,,,,,,,,,,,,,,,,,,,,,,,,,
2021-06-24 10:05:36,I04,-1.773610711098e-05,6.480149750132e-12,0.0,201.0,382.0625,2.328668426958e-09,1.414684009782,1.280382275581e-05,0.002178624155931,3.066286444664e-05,6493.281961441,381936.0,-2.868473529816e-07,0.04869525294703,1.490116119385e-08,0.5120392265462,-862.625,-3.078902128586,-1.991511525877e-09,-9.918270278625e-10,2163.0,2.0,0.0,-1.396984e-09,382188.0
2021-06-24 10:05:36,I05,,,,,,,,,,,,,,,,,,,,,,,,,
2021-06-24 10:05:36,I09,,,,,,,,,,,,,,,,,,,,,,,,,
2021-06-24 10:20:48,I02,0.0008421298116446,3.751665644813e-12,0.0,202.0,297.1875,2.675825744597e-09,0.5121475980546,1.006945967674e-05,0.002345471992157,2.8096139431e-05,6493.312076569,382848.0,-2.607703208923e-08,0.04769767155376,7.078051567078e-08,0.5004316167341,-774.625,-3.099097370348,-2.15008955986e-09,-8.353919402846e-10,2163.0,2.0,0.0,-1.862645e-09,383436.0
2021-06-24 10:20:48,I04,-1.773098483682e-05,6.480149750132e-12,0.0,202.0,381.9375,2.308667593843e-09,1.480604157586,1.281127333641e-05,0.002178725088015,3.121793270111e-05,6493.284872055,382848.0,-2.868473529816e-07,0.04869292983312,-1.117587089539e-08,0.5120382873528,-879.375,-3.078312217111,-1.990082894941e-09,-1.002898917623e-09,2163.0,2.0,0.0,-1.396984e-09,383052.0
2021-06-24 10:20:48,I05,,,,,,,,,,,,,,,,,,,,,,,,,
2021-06-24 10:20:48,I09,,,,,,,,,,,,,,,,,,,,,,,,,
2021-06-24 10:36:00,I02,0.0008421307429671,1.705302565824e-12,0.0,203.0,282.1875,2.688683423028e-09,0.5789662876984,9.600073099136e-06,0.002344644279219,2.817437052727e-05,6493.309675217,383760.0,-1.862645149231e-08,0.04769572148396,8.195638656616e-08,0.5004308340729,-776.25,-3.099407219323,-2.14151777424e-09,-8.364634134872e-10,2163.0,2.0,0.0,-1.862645e-09,384012.0
2021-06-24 10:36:00,I04,-1.772493124008e-05,6.480149750132e-12,0.0,203.0,380.1875,2.290095391665e-09,1.546431154082,1.275539398193e-05,0.002178757102229,3.175064921379e-05,6493.288446426,383760.0,-2.831220626831e-07,0.04869034193104,-3.725290298462e-08,0.5120373964357,-895.5,-3.077628983166,-1.991511525877e-09,-1.013613649648e-09,2163.0,2.0,0.0,-1.396984e-09,383964.0
2021-06-24 10:36:00,I05,,,,,,,,,,,,,,,,,,,,,,,,,
2021-06-24 10:36:00,I09,,,,,,,,,,,,,,,,,,,,,,,,,
2021-06-24 10:50:24,I02,0.000842132139951,1.705302565824e-12,0.0,204.0,271.0,2.691540684902e-09,0.6423645475989,9.234994649887e-06,0.002343624830246,2.817437052727e-05,6493.306074142,384624.0,-1.490116119385e-08,0.04769395866767,1.005828380585e-07,0.5004301435756,-775.5625,-3.09979706651,-2.130088726745e-09,-8.393206753608e-10,2163.0,2.0,0.0,-1.862645e-09,384924.0
2021-06-24 10:50:24,I04,-1.771934330463e-05,6.480149750132e-12,0.0,204.0,377.125,2.272951820424e-09,1.609039387018,1.265108585358e-05,0.002178746159188,3.22200357914e-05,6493.290174484,384624.0,-2.793967723846e-07,0.04868795883749,-5.960464477539e-08,0.5120365142961,-909.8125,-3.077227763254,-1.992940156814e-09,-1.022899750738e-09,2163.0,2.0,0.0,-1.396984e-09,384876.0
2021-06-24 10:50:24,I05,,,,,,,,,,,,,,,,,,,,,,,,,
2021-06-24 10:50:24,I09,,,,,,,,,,,,,,,,,,,,,,,,,
2021-06-24 11:05:36,I02,0.00084213539958,2.84217094304e-12,0.0,205.0,262.875,2.685826161155e-09,0.7090236840824,8.948147296906e-06,0.002343453001231,2.812966704369e-05,6493.305521011,385536.0,-2.607703208923e-08,0.04769219731431,1.229345798492e-07,0.5004294501524,-773.375,-3.099947312586,-2.114373786441e-09,-8.450351991079e-10,2163.0,2.0,0.0,-1.862645e-09,385788.0
2021-06-24 11:05:36,I04,-1.771375536919e-05,6.480149750132e-12,0.0,205.0,372.6875,2.257236880119e-09,1.674951759412,1.250207424164e-05,0.002178574679419,3.265962004662e-05,6493.293308258,385536.0,-2.682209014893e-07,0.0486874175578,-8.195638656616e-08,0.5120355399926,-923.4375,-3.076631795298,-1.995797418688e-09,-1.032185851827e-09,2163.0,2.0,0.0,-1.396984e-09,385788.0
2021-06-24 11:05:36,I05,,,,,,,,,,,,,,,,,,,,,,,,,
2021-06-24 11:05:36,I09,,,,,,,,,,,,,,,,,,,,,,,,,
2021-06-24 11:20:48,I02,0.0008420892991126,1.591615728103e-12,0.0,206.0,258.75,2.67011122085e-09,0.7756352303778,8.780509233475e-06,0.002343381987885,2.806261181831e-05,6493.304510117,386448.0,-4.470348358154e-08,0.04769088800263,1.4528632164e-07,0.5004278775155,-770.875,-3.100049648094,-2.097230215199e-09,-8.528926692602e-10,2163.0,2.0,0.0,-1.862645e-09,386700.0
2021-06-24 11:20:48,I04,-1.770909875631e-05,6.480149750132e-12,0.0,206.0,367.25,2.242950570751e-09,1.740062951555,1.232326030731e-05,0.002177942078561,3.303214907646e-05,6493.302223206,386448.0,-2.533197402954e-07,0.04868968069207,-1.043081283569e-07,0.5120341707013,-935.25,-3.075236573753,-1.998654680561e-09,-1.041114795182e-09,2163.0,2.0,0.0,-1.396984e-09,386700.0
2021-06-24 11:20:48,I05,,,,,,,,,,,,,,,,,,,,,,,,,
2021-06-24 11:20:48,I09,,,,,,,,,,,,,,,,,,,,,,,,,
2021-06-24 11:36:00,I02,0.0008420892991126,-3.410605131648e-13,0.0,207.0,258.4375,2.650110387735e-09,0.8421907937242,8.720904588699e-06,0.002343384665437,2.801045775414e-05,6493.304286957,387360.0,-7.078051567078e-08,0.0476892188131,1.676380634308e-07,0.500427153371,-769.1875,-3.100096239109,-2.078658013021e-09,-8.628930858177e-10,2163.0,2.0,0.0,-1.862645e-09,387612.0
2021-06-24 11:36:00,I04,-1.770257949829e-05,6.36646291241e-12,0.0,207.0,361.4375,2.23009289232e-09,1.806593038183,1.213699579239e-05,0.002178012393415,3.331899642944e-05,6493.301187515,387360.0,-2.384185791016e-07,0.04868479308276,-1.192092895508e-07,0.5120335811453,-944.75,-3.075255086981,-2.004369204308e-09,-1.049686580802e-09,2163.0,2.0,0.0,-1.396984e-09,387564.0
2021-06-24 11:36:00,I05,,,,,,,,,,,,,,,,,,,,,,,,,
2021-06-24 11:36:00,I09,,,,,,,,,,,,,,,,,,,,,,,,,
2021-06-24 11:50:24,I02,0.0008420925587416,2.273736754432e-12,0.0,208.0,261.125,2.624395030873e-09,0.9052327365199,8.758157491684e-06,0.002343345317058,2.799555659294e-05,6493.303741455,388224.0,-1.043081283569e-07,0.04768764325033,1.788139343262e-07,0.5004264687254,-769.125,-3.100129605345,-2.06151444178e-09,-8.739649755778e-10,2163.0,2.0,0.0,-1.862645e-09,388476.0
2021-06-24 11:50:24,I04,-1.769699156284e-05,6.480149750132e-12,0.0,208.0,356.0625,2.2215211067e-09,1.869650394284,1.196935772896e-05,0.00217794557102,3.351271152496e-05,6493.300252914,388224.0,-2.197921276093e-07,0.04868420352678,-1.303851604462e-07,0.5120325088264,-951.3125,-3.075304732569,-2.008655097119e-09,-1.05718689322e-09,2163.0,2.0,0.0,-1.396984e-09,388476.0
2021-06-24 11:50:24,I05,,,,,,,,,,,,,,,,,,,,,,,,,
2021-06-24 11:50:24,I09,,,,,,,,,,,,,,,,,,,,,,,,,
2021-06-24 12:05:36,I02,0.0008420920930803,-5.911715561524e-12,0.0,209.0,266.375,2.5943937812e-09,0.9713805553392,8.881092071533e-06,0.002343686297536,2.804026007652e-05,6493.306253433,389136.0,-1.4528632164e-07,0.04768603989211,1.825392246246e-07,0.5004257314147,-771.3125,-3.099767977847,-2.042942239602e-09,-8.875369694773e-10,2163.0,2.0,0.0,-1.862645e-09,389388.0
2021-06-24 12:05:36,I04,-1.769047230482e-05,6.480149750132e-12,0.0,209.0,351.25,2.215806582953e-09,1.93528132611,1.183524727821e-05,0.002177214017138,3.362447023392e-05,6493.306255341,389136.0,-2.011656761169e-07,0.04868335649721,-1.378357410431e-07,0.512031730554,-955.5,-3.074427350377,-2.015798251803e-09,-1.064330047904e-09,2163.0,2.0,0.0,-1.396984e-09,389388.0
2021-06-24 12:05:36,I05,,,,,,,,,,,,,,,,,,,,,,,,,
2021-06-24 12:05:36,I09,,,,,,,,,,,,,,,,,,,,,,,,,
2021-06-24 12:20:48,I02,0.0008420920930803,1.705302565824e-12,0.0,210.0,273.3125,2.561535269654e-09,1.037924223699,9.059906005859e-06,0.002343923901208,2.816319465637e-05,6493.305789948,390048.0,-1.899898052216e-07,0.04768445555183,1.788139343262e-07,0.500424975086,-776.1875,-3.099803231247,-2.027227299297e-09,-9.025375943135e-10,2163.0,2.0,0.0,-1.862645e-09,390300.0
2021-06-24 12:20:48,I04,-1.768535003066e-05,6.36646291241e-12,0.0,210.0,348.375,2.214377952016e-09,2.00209375739,1.176074147224e-05,0.002177428454161,3.36579978466e-05,6493.303848267,390048.0,-1.825392246246e-07,0.04868076713221,-1.378357410431e-07,0.5120306099587,-957.0,-3.07473018466,-2.022941406487e-09,-1.070401729386e-09,2163.0,2.0,0.0,-1.396984e-09,390300.0
2021-06-24 12:20:48,I05,,,,,,,,,,,,,,,,,,,,,,,,,
2021-06-24 12:20:48,I09,,,,,,,,,,,,,,,,,,,,,,,,,
2021-06-24 12:36:00,I02,0.0008420976810157,4.2064129957e-12,0.0,211.0,280.9375,2.527248127171e-09,1.104016025922,9.268522262573e-06,0.002344375941902,2.836808562279e-05,6493.308452606,390960.0,-2.309679985046e-07,0.04768302335503,1.639127731323e-07,0.5004242319236,-783.9375,-3.09938616208,-2.012940989929e-09,-9.186096923523e-10,2163.0,2.0,0.0,-1.862645e-09,391212.0
2021-06-24 12:36:00,I04,-1.767836511135e-05,6.480149750132e-12,0.0,211.0,348.1875,2.217235213889e-09,2.068652634246,1.177936792374e-05,0.002177449408919,3.362074494362e-05,6493.303401947,390960.0,-1.676380634308e-07,0.04867912573812,-1.341104507446e-07,0.5120300408836,-956.0625,-3.074780214995,-2.030084561171e-09,-1.075401937664e-09,2163.0,2.0,0.0,-1.396984e-09,391212.0
2021-06-24 12:36:00,I05,,,,,,,,,,,,,,,,,,,,,,,,,
2021-06-24 12:36:00,I09,,,,,,,,,,,,,,,,,,,,,,,,,
2021-06-24 12:50:24,I02,0.0008421000093222,3.52429196937e-12,0.0,212.0,288.0625,2.495818246562e-09,1.166322495431,9.477138519287e-06,0.002345132175833,2.864003181458e-05,6493.313373566,391824.0,-2.682209014893e-07,0.04768261081213,1.378357410431e-07,0.5004237140506,-793.625,-3.098685298509,-2.001511942435e-09,-9.346817903912e-10,2163.0,2.0,0.0,-1.862645e-09,392124.0
2021-06-24 12:50:24,I04,-1.767231151462e-05,6.480149750132e-12,0.0,212.0,351.1875,2.22580699951e-09,2.132098842749,1.189485192299e-05,0.002178014954552,3.354623913765e-05,6493.300111771,391824.0,-1.601874828339e-07,0.0486768099388,-1.266598701477e-07,0.5120292904066,-953.625,-3.075217470968,-2.035799084918e-09,-1.078259199538e-09,2163.0,2.0,0.0,-1.396984e-09,392124.0
2021-06-24 12:50:24,I05,,,,,,,,,,,,,,,,,,,,,,,,,
2021-06-24 12:50:24,I09,,,,,,,,,,,,,,,,,,,,,,,,,
2021-06-24 13:05:36,I02,0.0008421000093222,6.821210263297e-13,0.0,213.0,294.875,2.462959735016e-09,1.232543296307,9.685754776001e-06,0.002345194108784,2.899765968323e-05,6493.314468384,392736.0,-3.017485141754e-07,0.04767999511461,1.080334186554e-07,0.5004226446575,-806.0625,-3.098396287339,-1.991511525877e-09,-9.514682038984e-10,2163.0,2.0,0.0,-1.862645e-09,392988.0
2021-06-24 13:05:36,I04,-1.766672357917e-05,6.480149750132e-12,0.0,213.0,358.1875,2.240093308878e-09,2.198627685897,1.212581992149e-05,0.002177888061851,3.345683217049e-05,6493.300792694,392736.0,-1.564621925354e-07,0.04867597168674,-1.154839992523e-07,0.5120279664657,-950.3125,-3.075237941581,-2.040084977728e-09,-1.080044988209e-09,2163.0,2.0,0.0,-1.396984e-09,392988.0
2021-06-24 13:05:36,I05,,,,,,,,,,,,,,,,,,,,,,,,,
2021-06-24 13:05:36,I09,,,,,,,,,,,,,,,,,,,,,,,,,
2021-06-24 13:20:48,I02,0.0008421032689512,2.273736754432e-12,0.0,214.0,300.375,2.431529854407e-09,1.298554218178,9.85711812973e-06,0.00234548735898,2.941861748695e-05,6493.317224503,393648.0,-3.241002559662e-07,0.04767841077433,7.078051567078e-08,0.5004217932392,-820.3125,-3.097898574813,-1.984368371193e-09,-9.686117751398e-10,2163.0,2.0,0.0,-1.862645e-09,393948.0
2021-06-24 13:20:48,I04,-1.762015745044e-05,7.04858393874e-12,0.0,214.0,369.0625,2.258665511056e-09,2.265478429539,1.246482133865e-05,0.002178529743105,3.338232636452e-05,6493.299695969,393648.0,-1.601874828339e-07,0.04867400259901,-1.080334186554e-07,0.5120266571541,-947.375,-3.075580401926,-2.042942239602e-09,-1.080044988209e-09,2163.0,2.0,0.0,-1.396984e-09,393900.0
2021-06-24 13:20:48,I05,,,,,,,,,,,,,,,,,,,,,,,,,
2021-06-24 13:20:48,I09,,,,,,,,,,,,,,,,,,,,,,,,,
2021-06-24 13:36:00,I02,0.0008421051315963,1.818989403546e-12,0.0,215.0,304.3125,2.402957235671e-09,1.364209623161,9.983777999878e-06,0.002345931367017,2.988427877426e-05,6493.322683334,394560.0,-3.427267074585e-07,0.04767719947816,2.98023223877e-08,0.5004209666905,-835.875,-3.097045863271,-1.978653847446e-09,-9.85398188647e-10,2163.0,2.0,0.0,-1.862645e-09,394812.0
2021-06-24 13:36:00,I04,-1.762108877301e-05,6.593836587854e-12,0.0,215.0,383.3125,2.280094975108e-09,2.332258460109,1.289322972298e-05,0.002178946626373,3.335624933243e-05,6493.297979355,394560.0,-1.676380634308e-07,0.04867139129024,-1.043081283569e-07,0.5120264464939,-945.9375,-3.075849730996,-2.044370870538e-09,-1.078616357272e-09,2163.0,2.0,0.0,-1.396984e-09,394812.0
2021-06-24 13:36:00,I05,,,,,,,,,,,,,,,,,,,,,,,,,
2021-06-24 13:36:00,I09,,,,,,,,,,,,,,,,,,,,,,,,,
2021-06-24 13:50:24,I02,0.0008421079255641,3.637978807092e-12,0.0,216.0,306.375,2.375813247872e-09,1.426882341525,1.005455851555e-05,0.002346005057916,3.035366535187e-05,6493.324045181,395424.0,-3.539025783539e-07,0.04767543958771,-3.725290298462e-09,0.5004200904025,-851.25,-3.096710460043,-1.975796585573e-09,-1.001113128952e-09,2163.0,2.0,0.0,-1.862645e-09,395724.0
2021-06-24 13:50:24,I04,,,,,,,,,,,,,,,,,,,,,,,,,
2021-06-24 13:50:24,I05,,,,,,,,,,,,,,,,,,,,,,,,,
2021-06-24 13:50:24,I09,,,,,,,,,,,,,,,,,,,,,,,,,
2021-06-24 14:00:00,I02,,,,,,,,,,,,,,,,,,,,,,,,,
2021-06-24 14:00:00,I04,-1.760292798281e-05,6.934897101019e-12,0.0,7.0,409.125,2.322953903211e-09,2.438261531928,1.364201307297e-05,0.002181037678383,3.348290920258e-05,6493.290676117,396000.0,-1.788139343262e-07,0.04866920130187,-1.192092895508e-07,0.512024121917,-949.125,-3.076839450668,-2.040084977728e-09,-1.076116253133e-09,2163.0,2.0,0.0,-1.396984e-09,396012.0
2021-06-24 14:00:00,I05,,,,,,,,,,,,,,,,,,,,,,,,,
2021-06-24 14:00:00,I09,,,,,,,,,,,,,,,,,,,,,,,,,
2021-06-24 14:05:36,I02,0.0008421093225479,5.343281372916e-12,0.0,217.0,306.8125,2.35009789101e-09,1.49254546779,1.007318496704e-05,0.002346252673306,3.085657954216e-05,6493.329221725,396336.0,-3.539025783539e-07,0.0476750021752,-4.470348358154e-08,0.5004192477617,-867.6875,-3.095866518696,-1.975796585573e-09,-1.01718522699e-09,2163.0,2.0,0.0,-1.862645e-09,396588.0
2021-06-24 14:05:36,I04,,,,,,,,,,,,,,,,,,,,,,,,,
2021-06-24 14:05:36,I05,,,,,,,,,,,,,,,,,,,,,,,,,
2021-06-24 14:05:36,I09,,,,,,,,,,,,,,,,,,,,,,,,,
2021-06-24 14:20:48,I02,0.0008421125821769,8.4128259914e-12,0.0,218.0,305.375,2.327239796022e-09,1.558672301049,1.002848148346e-05,0.002346368157305,3.135576844215e-05,6493.33089447,397248.0,-3.501772880554e-07,0.04767264395126,-8.568167686462e-08,0.5004182646808,-883.9375,-3.095484859461,-1.975796585573e-09,-1.033257325029e-09,2163.0,2.0,0.0,-1.862645e-09,397500.0
2021-06-24 14:20:48,I04,,,,,,,,,,,,,,,,,,,,,,,,,
2021-06-24 14:20:48,I05,,,,,,,,,,,,,,,,,,,,,,,,,
2021-06-24 14:20:48,I09,,,,,,,,,,,,,,,,,,,,,,,,,
2021-06-24 14:36:00,I02,0.0008421167731285,3.52429196937e-12,0.0,219.0,302.25,2.30581033197e-09,1.624472452998,9.931623935699e-06,0.002346063847654,3.182888031006e-05,6493.335096359,398160.0,-3.3900141716e-07,0.04767082408117,-1.266598701477e-07,0.5004173093953,-899.4375,-3.094776384327,-1.978653847446e-09,-1.048972265334e-09,2163.0,2.0,0.0,-1.862645e-09,398412.0
2021-06-24 14:36:00,I04,,,,,,,,,,,,,,,,,,,,,,,,,
2021-06-24 14:36:00,I05,,,,,,,,,,,,,,,,,,,,,,,,,
2021-06-24 14:36:00,I09,,,,,,,,,,,,,,,,,,,,,,,,,
2021-06-24 14:50:24,I02,0.0008421228267252,6.593836587854e-12,0.0,220.0,297.875,2.287238129792e-09,1.686839826712,9.797513484955e-06,0.002346018794924,3.223866224289e-05,6493.338884354,399024.0,-3.241002559662e-07,0.04766977516891,-1.601874828339e-07,0.5004163775165,-913.0625,-3.094136976482,-1.984368371193e-09,-1.063615732436e-09,2163.0,2.0,0.0,-1.862645e-09,399324.0
2021-06-24 14:50:24,I04,,,,,,,,,,,,,,,,,,,,,,,,,
2021-06-24 14:50:24,I05,,,,,,,,,,,,,,,,,,,,,,,,,
2021-06-24 14:50:24,I09,,,,,,,,,,,,,,,,,,,,,,,,,
2021-06-24 15:05:36,I02,0.0008421270176768,4.2064129957e-12,0.0,221.0,292.0625,2.27009455855e-09,1.752905814283,9.618699550629e-06,0.002345769898966,3.261119127274e-05,6493.341243744,399936.0,-3.017485141754e-07,0.04766777974865,-1.899898052216e-07,0.5004154090647,-925.75,-3.093694796326,-1.990082894941e-09,-1.078616357272e-09,2163.0,2.0,0.0,-1.862645e-09,400188.0
2021-06-24 15:05:36,I04,,,,,,,,,,,,,,,,,,,,,,,,,
2021-06-24 15:05:36,I05,,,,,,,,,,,,,,,,,,,,,,,,,
2021-06-24 15:05:36,I09,,,,,,,,,,,,,,,,,,,,,,,,,
2021-06-24 15:20:48,I02,0.0008421763777733,3.979039320257e-12,0.0,222.0,285.4375,2.255808249182e-09,1.818824900009,9.424984455109e-06,0.002345380140468,3.291293978691e-05,6493.345474243,400848.0,-2.719461917877e-07,0.04766579749465,-2.160668373108e-07,0.5004152949571,-936.375,-3.09310690953,-1.998654680561e-09,-1.093259824374e-09,2163.0,2.0,0.0,-1.862645e-09,401148.0
2021-06-24 15:20:48,I04,,,,,,,,,,,,,,,,,,,,,,,,,
2021-06-24 15:20:48,I05,,,,,,,,,,,,,,,,,,,,,,,,,
2021-06-24 15:20:48,I09,,,,,,,,,,,,,,,,,,,,,,,,,
2021-06-24 15:36:00,I02,0.0008421754464507,-2.160049916711e-12,0.0,223.0,278.6875,2.244379201688e-09,1.885026799984,9.234994649887e-06,0.002344877226278,3.313273191452e-05,6493.347410202,401760.0,-2.384185791016e-07,0.04766435505742,-2.346932888031e-07,0.5004142475077,-944.375,-3.092800969472,-2.010083728056e-09,-1.107188976008e-09,2163.0,2.0,0.0,-1.862645e-09,402012.0
2021-06-24 15:36:00,I04,,,,,,,,,,,,,,,,,,,,,,,,,
2021-06-24 15:36:00,I05,,,,,,,,,,,,,,,,,,,,,,,,,
2021-06-24 15:36:00,I09,,,,,,,,,,,,,,,,,,,,,,,,,
2021-06-24 15:50:24,I02,0.0008421745151281,-1.136868377216e-13,0.0,224.0,272.875,2.240093308878e-09,1.947807271043,9.08225774765e-06,0.002344987820834,3.325939178467e-05,6493.348329544,402624.0,-2.048909664154e-07,0.04766244009766,-2.458691596985e-07,0.5004133112402,-949.4375,-3.092574695544,-2.02151277555e-09,-1.119689496705e-09,2163.0,2.0,0.0,-1.862645e-09,402924.0
2021-06-24 15:50:24,I04,,,,,,,,,,,,,,,,,,,,,,,,,
2021-06-24 15:50:24,I05,,,,,,,,,,,,,,,,,,,,,,,,,
2021-06-24 15:50:24,I09,,,,,,,,,,,,,,,,,,,,,,,,,
2021-06-24 16:00:00,I02,,,,,,,,,,,,,,,,,,,,,,,,,
2021-06-24 16:00:00,I04,-1.760292798281e-05,6.025402399246e-12,0.0,8.0,461.375,2.295809915412e-09,2.964769907733,1.507997512817e-05,0.002184872049838,3.411620855331e-05,6493.277629852,403200.0,-1.080334186554e-07,0.04865514119621,-2.607703208923e-07,0.5120176470416,-971.5,-3.078269317039,-1.894364622176e-09,-1.047543634397e-09,2163.0,2.0,0.0,-1.396984e-09,403260.0
2021-06-24 16:00:00,I05,,,,,,,,,,,,,,,,,,,,,,,,,
2021-06-24 16:00:00,I09,,,,,,,,,,,,,,,,,,,,,,,,,
2021-06-24 16:05:36,I02,0.0008421749807894,1.136868377216e-13,0.0,225.0,268.1875,2.238664677941e-09,2.014098439742,8.974224328995e-06,0.002344722277485,3.331527113914e-05,6493.349784851,403536.0,-1.676380634308e-07,0.04766099473459,-2.495944499969e-07,0.500412224292,-951.9375,-3.092358615229,-2.035799084918e-09,-1.131832859667e-09,2163.0,2.0,0.0,-1.862645e-09,403836.0
2021-06-24 16:05:36,I04,,,,,,,,,,,,,,,,,,,,,,,,,
2021-06-24 16:05:36,I05,,,,,,,,,,,,,,,,,,,,,,,,,
2021-06-24 16:05:36,I09,,,,,,,,,,,,,,,,,,,,,,,,,
2021-06-24 16:20:48,I02,0.0008421782404184,1.364242052659e-12,0.0,226.0,266.0,2.242950570751e-09,2.080567932303,8.944422006607e-06,0.002344541018829,3.330036997795e-05,6493.350208282,404448.0,-1.341104507446e-07,0.04765860286354,-2.421438694e-07,0.500411331912,-951.9375,-3.092319925434,-2.050085394286e-09,-1.142904749427e-09,2163.0,2.0,0.0,-1.862645e-09,404748.0
2021-06-24 16:20:48,I04,,,,,,,,,,,,,,,,,,,,,,,,,
2021-06-24 16:20:48,I05,,,,,,,,,,,,,,,,,,,,,,,,,
2021-06-24 16:20:48,I09,,,,,,,,,,,,,,,,,,,,,,,,,
2021-06-24 16:36:00,I02,0.0008421838283539,5.229594535194e-12,0.0,227.0,267.125,2.254379618246e-09,2.14703852059,9.018927812576e-06,0.002344515291043,3.323331475258e-05,6493.35059166,405360.0,-1.080334186554e-07,0.04765837757415,-2.272427082062e-07,0.500409867531,-949.9375,-3.092284516965,-2.06580033459e-09,-1.151833692782e-09,2163.0,2.0,0.0,-1.862645e-09,405612.0
2021-06-24 16:36:00,I04,,,,,,,,,,,,,,,,,,,,,,,,,
2021-06-24 16:36:00,I05,0.0006868373602629,2.822844180628e-10,0.0,227.0,-584.25,2.187233964217e-09,0.07448150867094,-1.922622323036e-05,0.001786002423614,3.219768404961e-05,6493.315647125,405360.0,-1.378357410431e-07,-3.109025888139,2.160668373108e-07,0.5100209291732,-906.625,3.128717805621,-1.837219384705e-09,9.382533677331e-10,2163.0,2.0,0.0,-4.656613e-10,405660.0
2021-06-24 16:36:00,I09,,,,,,,,,,,,,,,,,,,,,,,,,
2021-06-24 16:50:24,I02,0.000842185690999,2.614797267597e-12,0.0,228.0,271.75,2.27009455855e-09,2.210318531359,9.194016456604e-06,0.002344873733819,3.315135836601e-05,6493.348640442,406224.0,-8.940696716309e-08,0.04765639970891,-2.086162567139e-07,0.5004089254118,-947.0,-3.092557122972,-2.080086643958e-09,-1.158619689732e-09,2163.0,2.0,0.0,-1.862645e-09,406524.0
2021-06-24 16:50:24,I04,,,,,,,,,,,,,,,,,,,,,,,,,
2021-06-24 16:50:24,I05,0.0006870813667774,2.825117917382e-10,0.0,228.0,-586.5,2.218663844826e-09,0.1375677574036,-1.928582787514e-05,0.001785129425116,3.239512443542e-05,6493.313388824,406224.0,-1.564621925354e-07,-3.109027494423,2.086162567139e-07,0.510021682576,-914.1875,3.128639606798,-1.854362955946e-09,9.393248409357e-10,2163.0,2.0,0.0,-4.656613e-10,407100.0
2021-06-24 16:50:24,I09,,,,,,,,,,,,,,,,,,,,,,,,,
2021-06-24 17:05:36,I02,0.0008421875536442,2.955857780762e-12,0.0,229.0,280.625,2.291524022602e-09,2.277086952212,9.488314390182e-06,0.002345286193304,3.307312726974e-05,6493.346946716,407136.0,-8.195638656616e-08,0.04765470126102,-1.899898052216e-07,0.5004077975019,-944.0,-3.092818025634,-2.091515691452e-09,-1.163262740277e-09,2163.0,2.0,0.0,-1.862645e-09,407436.0
2021-06-24 17:05:36,I04,,,,,,,,,,,,,,,,,,,,,,,,,
2021-06-24 17:05:36,I05,0.0006873379461467,2.812612365233e-10,0.0,229.0,-588.1875,2.241521939815e-09,0.2040726438047,-1.933053135872e-05,0.001785163185559,3.248453140259e-05,6493.313804626,407136.0,-1.713633537292e-07,-3.109029216278,1.974403858185e-07,0.5100224242754,-917.75,3.128643384052,-1.868649265314e-09,9.407534718725e-10,2163.0,2.0,0.0,-4.656613e-10,407580.0
2021-06-24 17:05:36,I09,,,,,,,,,,,,,,,,,,,,,,,,,
2021-06-24 17:20:48,I02,0.0008421903476119,2.614797267597e-12,0.0,230.0,293.625,2.307238962907e-09,2.343929756597,9.901821613312e-06,0.002345927525312,3.302842378616e-05,6493.344678879,408048.0,-8.568167686462e-08,0.04765293844473,-1.750886440277e-07,0.5004066798325,-942.125,-3.093153181628,-2.091515691452e-09,-1.164334213479e-09,2163.0,2.0,0.0,-1.862645e-09,408348.0
2021-06-24 17:20:48,I04,,,,,,,,,,,,,,,,,,,,,,,,,
2021-06-24 17:20:48,I05,0.0006875959224999,2.816022970364e-10,0.0,230.0,-587.5,2.250093725435e-09,0.2705814830106,-1.930445432663e-05,0.001785187632777,3.243982791901e-05,6493.3138237,408048.0,-1.788139343262e-07,-3.109030977631,1.825392246246e-07,0.5100231191615,-916.6875,3.128643188021,-1.881506943745e-09,9.432535760119e-10,2163.0,2.0,0.0,-4.656613e-10,408348.0
2021-06-24 17:20:48,I09,,,,,,,,,,,,,,,,,,,,,,,,,
2021-06-24 17:36:00,I02,0.0008421917445958,1.932676241267e-12,0.0,231.0,309.25,2.334382950706e-09,2.411099101853,1.037493348122e-05,0.002347313915379,3.305822610855e-05,6493.33912468,408960.0,-9.685754776001e-08,0.04765084647188,-1.676380634308e-07,0.5004056908999,-942.3125,-3.093814262605,-2.094372953326e-09,-1.163619898011e-09,2163.0,2.0,0.0,-1.862645e-09,409260.0
2021-06-24 17:36:00,I04,,,,,,,,,,,,,,,,,,,,,,,,,
2021-06-24 17:36:00,I05,0.0006878534331918,2.822844180628e-10,0.0,231.0,-583.6875,2.251522356372e-09,0.3371393109541,-1.919269561768e-05,0.001784883323126,3.230571746826e-05,6493.312374115,408960.0,-1.862645149231e-07,-3.109032586841,1.713633537292e-07,0.5100242192759,-912.5625,3.128593886219,-1.891507360302e-09,9.446822069486e-10,2163.0,2.0,0.0,-4.656613e-10,409212.0
2021-06-24 17:36:00,I09,,,,,,,,,,,,,,,,,,,,,,,,,
2021-06-24 17:50:24,I02,0.0008421936072409,1.818989403546e-12,0.0,232.0,325.5625,2.357241045694e-09,2.474336818197,1.085922122002e-05,0.002348020090722,3.315880894661e-05,6493.337545395,409824.0,-1.117587089539e-07,0.04764934551793,-1.713633537292e-07,0.5004045234913,-945.125,-3.094044790699,-2.091515691452e-09,-1.160762636137e-09,2163.0,2.0,0.0,-1.862645e-09,410124.0
2021-06-24 17:50:24,I04,,,,,,,,,,,,,,,,,,,,,,,,,
2021-06-24 17:50:24,I05,0.000688100233674,2.845581548172e-10,0.0,232.0,-576.4375,2.241521939815e-09,0.4002612080745,-1.898407936096e-05,0.001784368301742,3.212317824364e-05,6493.30988121,409824.0,-1.899898052216e-07,-3.109034416951,1.676380634308e-07,0.5100247269085,-906.6875,3.128480356461,-1.89722188405e-09,9.45396522417e-10,2163.0,2.0,0.0,-4.656613e-10,410124.0
2021-06-24 17:50:24,I09,,,,,,,,,,,,,,,,,,,,,,,,,
2021-06-24 18:05:36,I02,,,,,,,,,,,,,,,,,,,,,,,,,
2021-06-24 18:05:36,I04,,,,,,,,,,,,,,,,,,,,,,,,,
2021-06-24 18:05:36,I05,0.0006883628666401,2.86263457383e-10,0.0,233.0,-565.125,2.222949737636e-09,0.46602234985,-1.86562538147e-05,0.001787158194929,3.191456198692e-05,6493.318950653,410736.0,-1.974403858185e-07,-3.109036124177,1.639127731323e-07,0.5100256324548,-899.9375,3.129227900285,-1.900079145923e-09,9.457536801512e-10,2163.0,2.0,0.0,-4.656613e-10,411036.0
2021-06-24 18:05:36,I09,,,,,,,,,,,,,,,,,,,,,,,,,
2021-06-24 18:20:48,I02,,,,,,,,,,,,,,,,,,,,,,,,,
2021-06-24 18:20:48,I04,,,,,,,,,,,,,,,,,,,,,,,,,
2021-06-24 18:20:48,I05,0.0006886250339448,2.871729520848e-10,0.0,234.0,-550.625,2.201520273585e-09,0.5324821710598,-1.822784543037e-05,0.001787083223462,3.17245721817e-05,6493.317714691,411648.0,-2.048909664154e-07,-3.109037799218,1.601874828339e-07,0.5100265643336,-894.1875,3.129276592051,-1.904365038734e-09,9.457536801512e-10,2163.0,2.0,0.0,-4.656613e-10,411948.0
2021-06-24 18:20:48,I09,,,,,,,,,,,,,,,,,,,,,,,,,
2021-06-24 18:36:00,I02,,,,,,,,,,,,,,,,,,,,,,,,,
2021-06-24 18:36:00,I04,,,,,,,,,,,,,,,,,,,,,,,,,
2021-06-24 18:36:00,I05,0.0006888899952173,2.904698703787e-10,0.0,235.0,-534.3125,2.178662178596e-09,0.5987050083182,-1.774355769157e-05,0.001787914894521,3.159418702126e-05,6493.319631577,412560.0,-2.086162567139e-07,-3.109039760991,1.564621925354e-07,0.5100272314242,-890.4375,3.129562292637,-1.907222300607e-09,9.457536801512e-10,2163.0,2.0,0.0,-4.656613e-10,412812.0
2021-06-24 18:36:00,I09,,,,,,,,,,,,,,,,,,,,,,,,,
2021-06-24 18:50:24,I02,,,,,,,,,,,,,,,,,,,,,,,,,
2021-06-24 18:50:24,I04,,,,,,,,,,,,,,,,,,,,,,,,,
2021-06-24 18:50:24,I05,0.0006891428492963,2.908109308919e-10,0.0,236.0,-518.625,2.161518607355e-09,0.660677323931,-1.726299524307e-05,0.001790195703506,3.153458237648e-05,6493.328012466,413424.0,-2.123415470123e-07,-3.109041460902,1.4528632164e-07,0.5100280140854,-889.3125,3.130598139578,-1.912936824354e-09,9.464679956196e-10,2163.0,2.0,0.0,-4.656613e-10,413724.0
2021-06-24 18:50:24,I09,,,,,,,,,,,,,,,,,,,,,,,,,
2021-06-24 19:05:36,I02,,,,,,,,,,,,,,,,,,,,,,,,,
2021-06-24 19:05:36,I04,,,,,,,,,,,,,,,,,,,,,,,,,
2021-06-24 19:05:36,I05,0.0006894092075527,2.917204255937e-10,0.0,237.0,-503.25,2.14580366705e-09,0.7262527277755,-1.678243279457e-05,0.001791912363842,3.154948353767e-05,6493.334629059,414336.0,-2.160668373108e-07,-3.109043008669,1.341104507446e-07,0.5100290337393,-890.625,3.13153086835,-1.920079979038e-09,9.482537842906e-10,2163.0,2.0,0.0,-4.656613e-10,414636.0
2021-06-24 19:05:36,I09,,,,,,,,,,,,,,,,,,,,,,,,,
2021-06-24 19:20:48,I02,,,,,,,,,,,,,,,,,,,,,,,,,
2021-06-24 19:20:48,I04,,,,,,,,,,,,,,,,,,,,,,,,,
2021-06-24 19:20:48,I05,0.0006896741688251,2.909246177296e-10,0.0,238.0,-490.5,2.135803250493e-09,0.7923127203079,-1.636892557144e-05,0.001792534603737,3.162771463394e-05,6493.336912155,415248.0,-2.123415470123e-07,-3.109044783189,1.229345798492e-07,0.5100298997868,-893.9375,3.131979050859,-1.927223133722e-09,9.503967306958e-10,2163.0,2.0,0.0,-4.656613e-10,415548.0
2021-06-24 19:20:48,I09,,,,,,,,,,,,,,,,,,,,,,,,,
2021-06-24 19:36:00,I02,,,,,,,,,,,,,,,,,,,,,,,,,
2021-06-24 19:36:00,I04,,,,,,,,,,,,,,,,,,,,,,,,,
2021-06-24 19:36:00,I05,0.0006899386644363,2.901288098656e-10,0.0,239.0,-481.25,2.131517357682e-09,0.8581328703471,-1.604855060577e-05,0.001793375704437,3.174319863319e-05,6493.340970993,416160.0,-2.086162567139e-07,-3.10904685907,1.117587089539e-07,0.51003062832,-898.1875,3.132667273355,-1.934366288406e-09,9.532539925693e-10,2163.0,2.0,0.0,-4.656613e-10,416412.0
2021-06-24 19:36:00,I09,,,,,,,,,,,,,,,,,,,,,,,,,
2021-06-24 19:50:24,I02,,,,,,,,,,,,,,,,,,,,,,,,,
2021-06-24 19:50:24,I04,,,,,,,,,,,,,,,,,,,,,,,,,
2021-06-24 19:50:24,I05,0.0006901849992573,2.864908310585e-10,0.0,240.0,-476.0,2.132945988619e-09,0.9196080980999,-1.584365963936e-05,0.001795269898139,3.185868263245e-05,6493.351333618,417024.0,-2.011656761169e-07,-3.109047921148,1.043081283569e-07,0.5100317269715,-902.0625,3.134199100727,-1.940080812153e-09,9.557540967087e-10,2163.0,2.0,0.0,-4.656613e-10,417324.0
2021-06-24 19:50:24,I09,,,,,,,,,,,,,,,,,,,,,,,,,
2021-06-24 20:05:36,I02,,,,,,,,,,,,,,,,,,,,,,,,,
2021-06-24 20:05:36,I04,,,,,,,,,,,,,,,,,,,,,,,,,
2021-06-24 20:05:36,I05,0.0006904420442879,2.8342128644e-10,0.0,241.0,-474.0,2.137231881429e-09,0.9876446304717,-1.5739351511e-05,0.001793004805222,3.195554018021e-05,6493.33959198,417936.0,-1.9371509552e-07,-3.109050311556,9.685754776001e-08,0.51003234286,-905.0,3.132670943816,-1.944366704963e-09,9.582542008481e-10,2163.0,2.0,0.0,-4.656613e-10,418236.0
2021-06-24 20:05:36,I09,,,,,,,,,,,,,,,,,,,,,,,,,
2021-06-24 20:20:48,I02,,,,,,,,,,,,,,,,,,,,,,,,,
2021-06-24 20:20:48,I04,,,,,,,,,,,,,,,,,,,,,,,,,
2021-06-24 20:20:48,I05,0.0006907018832862,2.846718416549e-10,0.0,242.0,-475.0,2.14580366705e-09,1.054554140996,-1.572817564011e-05,0.001792526920326,3.200024366379e-05,6493.336833954,418848.0,-1.899898052216e-07,-3.109052384511,9.685754776001e-08,0.5100331211324,-905.875,3.132269489837,-1.9457953359e-09,9.593256740507e-10,2163.0,2.0,0.0,-4.656613e-10,419148.0
2021-06-24 20:20:48,I09,,,,,,,,,,,,,,,,,,,,,,,,,
2021-06-24 20:36:00,I02,,,,,,,,,,,,,,,,,,,,,,,,,
2021-06-24 20:36:00,I04,,,,,,,,,,,,,,,,,,,,,,,,,
2021-06-24 20:36:00,I05,0.000690964050591,2.860360837076e-10,0.0,243.0,-478.25,2.155804083608e-09,1.120210868456,-1.579523086548e-05,0.001793326344341,3.19704413414e-05,6493.342710495,419760.0,-1.899898052216e-07,-3.109053453904,9.685754776001e-08,0.5100342168581,-904.125,3.133119944096,-1.9457953359e-09,9.593256740507e-10,2163.0,2.0,0.0,-4.656613e-10,420060.0
2021-06-24 20:36:00,I09,,,,,,,,,,,,,,,,,,,,,,,,,
2021-06-24 20:50:24,I02,,,,,,,,,,,,,,,,,,,,,,,,,
2021-06-24 20:50:24,I04,,,,,,,,,,,,,,,,,,,,,,,,,
2021-06-24 20:50:24,I05,0.0006912080571055,2.838760337909e-10,0.0,244.0,-482.5,2.167233131102e-09,1.183943289567,-1.591071486473e-05,0.001792698749341,3.186240792274e-05,6493.338481903,420624.0,-1.9371509552e-07,-3.109055469805,9.313225746155e-08,0.5100349410025,-899.9375,3.13239517937,-1.944366704963e-09,9.575398853797e-10,2163.0,2.0,0.0,-4.656613e-10,420924.0
2021-06-24 20:50:24,I09,,,,,,,,,,,,,,,,,,,,,,,,,
2021-06-24 21:05:36,I02,,,,,,,,,,,,,,,,,,,,,,,,,
2021-06-24 21:05:36,I04,,,,,,,,,,,,,,,,,,,,,,,,,
2021-06-24 21:05:36,I05,0.0006914674304426,2.84217094304e-10,0.0,245.0,-487.375,2.178662178596e-09,1.251222606764,-1.605227589607e-05,0.001792246010154,3.166869282722e-05,6493.33441925,421536.0,-2.048909664154e-07,-3.10905721653,8.940696716309e-08,0.5100358085129,-892.9375,3.131623598339,-1.94150944309e-09,9.536111503035e-10,2163.0,2.0,0.0,-4.656613e-10,421836.0
2021-06-24 21:05:36,I09,,,,,,,,,,,,,,,,,,,,,,,,,
2021-06-24 21:20:48,I02,,,,,,,,,,,,,,,,,,,,,,,,,
2021-06-24 21:20:48,I04,,,,,,,,,,,,,,,,,,,,,,,,,
2021-06-24 21:20:48,I05,0.0006917277351022,2.850129021681e-10,0.0,246.0,-491.5,2.197234380774e-09,1.318349787795,-1.618638634682e-05,0.001792068360373,3.138929605484e-05,6493.331590652,422448.0,-2.160668373108e-07,-3.109059277781,7.82310962677e-08,0.5100366131179,-883.5625,3.131004425576,-1.944366704963e-09,9.47182311088e-10,2163.0,2.0,0.0,-4.656613e-10,422748.0
2021-06-24 21:20:48,I09,,,,,,,,,,,,,,,,,,,,,,,,,
2021-06-24 21:36:00,I02,,,,,,,,,,,,,,,,,,,,,,,,,
2021-06-24 21:36:00,I04,,,,,,,,,,,,,,,,,,,,,,,,,
2021-06-24 21:36:00,I05,0.0006919894367456,2.86263457383e-10,0.0,247.0,-495.3125,2.210092059205e-09,1.385241219577,-1.631677150726e-05,0.00179200572893,3.103911876678e-05,6493.330270767,423360.0,-2.309679985046e-07,-3.109059999,6.332993507385e-08,0.5100376166797,-872.375,3.130620030685,-1.940080812153e-09,9.386105254673e-10,2163.0,2.0,0.0,-4.656613e-10,423660.0
2021-06-24 21:36:00,I09,,,,,,,,,,,,,,,,,,,,,,,,,
2021-06-24 21:50:24,I02,,,,,,,,,,,,,,,,,,,,,,,,,
2021-06-24 21:50:24,I04,,,,,,,,,,,,,,,,,,,,,,,,,
2021-06-24 21:50:24,I05,0.0006922357715666,2.853539626813e-10,0.0,248.0,-497.875,2.222949737636e-09,1.44863771081,-1.640990376472e-05,0.001791961956769,3.065168857574e-05,6493.328950882,424224.0,-2.421438694e-07,-3.109061851054,3.725290298462e-08,0.5100383847117,-860.4375,3.130231301167,-1.93722355028e-09,9.286101089098e-10,2163.0,2.0,0.0,-4.656613e-10,424572.0
2021-06-24 21:50:24,I09,,,,,,,,,,,,,,,,,,,,,,,,,
2021-06-24 22:00:00,I02,,,,,,,,,,,,,,,,,,,,,,,,,
2021-06-24 22:00:00,I04,,,,,,,,,,,,,,,,,,,,,,,,,
2021-06-24 22:00:00,I05,,,,,,,,,,,,,,,,,,,,,,,,,
2021-06-24 22:00:00,I09,0.0007600989192724,-2.808064891724e-11,0.0,11.0,-223.125,2.578678840896e-09,0.2434180303552,-7.335096597672e-06,0.001824596314691,3.364682197571e-05,6493.496980667,424800.0,-9.685754776001e-08,-2.883066954122,3.091990947723e-07,0.5083738911503,-945.4375,-3.120751975298,-2.097230215199e-09,1.220050820014e-09,2163.0,2.0,0.0,-1.862645e-09,429036.0
2021-06-24 22:05:36,I02,,,,,,,,,,,,,,,,,,,,,,,,,
2021-06-24 22:05:36,I04,,,,,,,,,,,,,,,,,,,,,,,,,
2021-06-24 22:05:36,I05,0.0006924960762262,2.852402758435e-10,0.0,249.0,-499.3125,2.237236047004e-09,1.515880228302,-1.64620578289e-05,0.001791892922483,3.020092844963e-05,6493.32572937,425136.0,-2.495944499969e-07,-3.10906339297,7.450580596924e-09,0.5100392332042,-846.9375,3.12949672026,-1.934366288406e-09,9.164667459472e-10,2163.0,2.0,0.0,-4.656613e-10,425484.0
2021-06-24 22:05:36,I09,,,,,,,,,,,,,,,,,,,,,,,,,
2021-06-24 22:20:48,I02,,,,,,,,,,,,,,,,,,,,,,,,,
2021-06-24 22:20:48,I04,,,,,,,,,,,,,,,,,,,,,,,,,
2021-06-24 22:20:48,I05,0.0006927554495633,2.846718416549e-10,0.0,250.0,-499.4375,2.252950987309e-09,1.583241523039,-1.64657831192e-05,0.001791937975213,2.972409129143e-05,6493.321872711,426048.0,-2.495944499969e-07,-3.109065381075,-2.235174179077e-08,0.5100400378091,-832.75,3.128643799521,-1.935794919343e-09,9.028947520477e-10,2163.0,2.0,0.0,-4.656613e-10,426348.0
2021-06-24 22:20:48,I09,,,,,,,,,,,,,,,,,,,,,,,,,
2021-06-24 22:36:00,I02,,,,,,,,,,,,,,,,,,,,,,,,,
2021-06-24 22:36:00,I04,,,,,,,,,,,,,,,,,,,,,,,,,
2021-06-24 22:36:00,I05,0.0006930171512067,2.864908310585e-10,0.0,251.0,-498.0625,2.27009455855e-09,1.650959728825,-1.641362905502e-05,0.001792118069716,2.923235297203e-05,6493.315944672,426960.0,-2.384185791016e-07,-3.109067377959,-5.587935447693e-08,0.5100408628949,-818.25,3.127434133042,-1.93722355028e-09,8.889656004141e-10,2163.0,2.0,0.0,-4.656613e-10,427260.0
2021-06-24 22:36:00,I09,,,,,,,,,,,,,,,,,,,,,,,,,
2021-06-24 22:50:24,I02,,,,,,,,,,,,,,,,,,,,,,,,,
2021-06-24 22:50:24,I04,,,,,,,,,,,,,,,,,,,,,,,,,
2021-06-24 22:50:24,I05,0.000693267211318,2.886508809752e-10,0.0,252.0,-495.4375,2.290095391665e-09,1.714511870153,-1.631304621696e-05,0.001792235998437,2.876669168472e-05,6493.313810349,427824.0,-2.235174179077e-07,-3.109068248395,-8.940696716309e-08,0.5100416411673,-804.4375,3.126889506196,-1.94150944309e-09,8.753936065146e-10,2163.0,2.0,0.0,-4.656613e-10,428172.0
2021-06-24 22:50:24,I09,,,,,,,,,,,,,,,,,,,,,,,,,
2021-06-24 23:05:36,I02,,,,,,,,,,,,,,,,,,,,,,,,,
2021-06-24 23:05:36,I04,,,,,,,,,,,,,,,,,,,,,,,,,
2021-06-24 23:05:36,I05,0.0006935279816389,2.860360837076e-10,0.0,253.0,-491.0625,2.311524855717e-09,1.780394093269,-1.615285873413e-05,0.001791964052245,2.829357981682e-05,6493.318704605,428736.0,-2.011656761169e-07,-3.109068390298,-1.192092895508e-07,0.5100423404422,-790.125,3.127514654979,-1.948652597774e-09,8.611072971468e-10,2163.0,2.0,0.0,-4.656613e-10,429036.0
2021-06-24 23:05:36,I09,,,,,,,,,,,,,,,,,,,,,,,,,
2021-06-24 23:20:48,I02,,,,,,,,,,,,,,,,,,,,,,,,,
2021-06-24 23:20:48,I04,,,,,,,,,,,,,,,,,,,,,,,,,
2021-06-24 23:20:48,I05,0.0006937892176211,2.863771442208e-10,0.0,254.0,-485.375,2.335811581642e-09,1.849602719995,-1.594424247742e-05,0.001793140661903,2.78539955616e-05,6493.303688049,429648.0,-1.713633537292e-07,-3.109072062222,-1.415610313416e-07,0.5100432781727,-776.6875,3.124816397671,-1.957224383395e-09,8.478924609815e-10,2163.0,2.0,0.0,-4.656613e-10,429948.0
2021-06-24 23:20:48,I09,,,,,,,,,,,,,,,,,,,,,,,,,
2021-06-24 23:36:00,I02,,,,,,,,,,,,,,,,,,,,,,,,,
2021-06-24 23:36:00,I04,,,,,,,,,,,,,,,,,,,,,,,,,
2021-06-24 23:36:00,I05,0.0006940527819097,2.881961336243e-10,0.0,255.0,-478.3125,2.362955569441e-09,1.916306937762,-1.569837331772e-05,0.001793327974156,2.746656537056e-05,6493.303514481,430560.0,-1.415610313416e-07,-3.109073412496,-1.527369022369e-07,0.5100440345013,-764.375,3.124620752859,-1.965796169015e-09,8.357490980188e-10,2163.0,2.0,0.0,-4.656613e-10,430860.0
2021-06-24 23:36:00,I09,,,,,,,,,,,,,,,,,,,,,,,,,
2021-06-24 23:50:24,I02,,,,,,,,,,,,,,,,,,,,,,,,,
2021-06-24 23:50:24,I04,,,,,,,,,,,,,,,,,,,,,,,,,
2021-06-24 23:50:24,I05,0.0006943047046661,2.901288098656e-10,0.0,160.0,-470.6875,2.387242295367e-09,1.979903989211,-1.544132828712e-05,0.001793775823899,2.715364098549e-05,6493.300775528,431424.0,-1.154839992523e-07,-3.109074657439,-1.601874828339e-07,0.5100447074436,-754.1875,3.124031882982,-1.975796585573e-09,8.257486814613e-10,2163.0,2.0,0.0,-4.656613e-10,431772.0
2021-06-24 23:50:24,I09,,,,,,,,,,,,,,,,,,,,,,,,,
