time,sv,SVclockBias,SVclockDrift,SVclockDriftRate,IODE,Crs,DeltaN,M0,Cuc,Eccentricity,Cus,sqrtA,Toe,Cic,Omega0,Cis,Io,Crc,omega,OmegaDot,IDOT,CodesL2,GPSWeek,L2Pflag,SVacc,health,TGD,IODC,TransTime
2020-03-05 12:00:00,G01,,,,,,,,,,,,,,,,,,,,,,,,,,,,
2020-03-05 12:00:00,G02,,,,,,,,,,,,,,,,,,,,,,,,,,,,
2020-03-05 12:00:00,G03,,,,,,,,,,,,,,,,,,,,,,,,,,,,
2020-03-05 12:00:00,G05,,,,,,,,,,,,,,,,,,,,,,,,,,,,
2020-03-05 12:00:00,G06,,,,,,,,,,,,,,,,,,,,,,,,,,,,
2020-03-05 12:00:00,G07,,,,,,,,,,,,,,,,,,,,,,,,,,,,
2020-03-05 12:00:00,G08,,,,,,,,,,,,,,,,,,,,,,,,,,,,
2020-03-05 12:00:00,G09,,,,,,,,,,,,,,,,,,,,,,,,,,,,
2020-03-05 12:00:00,G10,,,,,,,,,,,,,,,,,,,,,,,,,,,,
2020-03-05 12:00:00,G11,,,,,,,,,,,,,,,,,,,,,,,,,,,,
2020-03-05 12:00:00,G12,,,,,,,,,,,,,,,,,,,,,,,,,,,,
2020-03-05 12:00:00,G13,,,,,,,,,,,,,,,,,,,,,,,,,,,,
2020-03-05 12:00:00,G14,,,,,,,,,,,,,,,,,,,,,,,,,,,,
2020-03-05 12:00:00,G15,,,,,,,,,,,,,,,,,,,,,,,,,,,,
2020-03-05 12:00:00,G16,,,,,,,,,,,,,,,,,,,,,,,,,,,,
2020-03-05 12:00:00,G17,,,,,,,,,,,,,,,,,,,,,,,,,,,,
2020-03-05 12:00:00,G18,5.652196705341e-06,1.591615728103e-12,0.0,47.0,-77.40625,4.806985944545e-09,0.5313197114844,-4.196539521217e-06,0.01570839330088,3.710389137268e-06,5153.635400772,388800.0,-1.862645149231e-07,-1.768535477436,-2.048909664154e-08,0.9574058050976,307.59375,1.45578683932,-8.739292598044e-09,-1.225051028293e-10,1.0,2095.0,0.0,2.0,63.0,-5.587935447693e-09,47.0,383760.0
2020-03-05 12:00:00,G19,,,,,,,,,,,,,,,,,,,,,,,,,,,,
2020-03-05 12:00:00,G20,,,,,,,,,,,,,,,,,,,,,,,,,,,,
2020-03-05 12:00:00,G21,,,,,,,,,,,,,,,,,,,,,,,,,,,,
2020-03-05 12:00:00,G22,,,,,,,,,,,,,,,,,,,,,,,,,,,,
2020-03-05 12:00:00,G23,,,,,,,,,,,,,,,,,,,,,,,,,,,,
2020-03-05 12:00:00,G24,,,,,,,,,,,,,,,,,,,,,,,,,,,,
2020-03-05 12:00:00,G25,,,,,,,,,,,,,,,,,,,,,,,,,,,,
2020-03-05 12:00:00,G26,,,,,,,,,,,,,,,,,,,,,,,,,,,,
2020-03-05 12:00:00,G27,,,,,,,,,,,,,,,,,,,,,,,,,,,,
2020-03-05 12:00:00,G28,,,,,,,,,,,,,,,,,,,,,,,,,,,,
2020-03-05 12:00:00,G29,,,,,,,,,,,,,,,,,,,,,,,,,,,,
2020-03-05 12:00:00,G30,,,,,,,,,,,,,,,,,,,,,,,,,,,,
2020-03-05 12:00:00,G31,,,,,,,,,,,,,,,,,,,,,,,,,,,,
2020-03-05 12:00:00,G32,,,,,,,,,,,,,,,,,,,,,,,,,,,,
2023-03-01 22:00:00,G01,,,,,,,,,,,,,,,,,,,,,,,,,,,,
2023-03-01 22:00:00,G02,,,,,,,,,,,,,,,,,,,,,,,,,,,,
2023-03-01 22:00:00,G03,,,,,,,,,,,,,,,,,,,,,,,,,,,,
2023-03-01 22:00:00,G05,,,,,,,,,,,,,,,,,,,,,,,,,,,,
2023-03-01 22:00:00,G06,,,,,,,,,,,,,,,,,,,,,,,,,,,,
2023-03-01 22:00:00,G07,,,,,,,,,,,,,,,,,,,,,,,,,,,,
2023-03-01 22:00:00,G08,,,,,,,,,,,,,,,,,,,,,,,,,,,,
2023-03-01 22:00:00,G09,,,,,,,,,,,,,,,,,,,,,,,,,,,,
2023-03-01 22:00:00,G10,-2.67936848104e-05,-1.591615728103e-12,0.0,35.0,-82.34375,4.06516933062e-09,-1.170795497658,-4.375353455544e-06,0.008452270179987,5.971640348434e-06,5153.685920715,338400.0,2.495944499969e-07,-1.359248824067,1.303851604462e-08,0.9772210407217,272.21875,-2.435592019498,-7.872827934884e-09,-1.471489864888e-10,1.0,2251.0,0.0,2.0,0.0,2.328306436539e-09,35.0,331200.0
2023-03-01 22:00:00,G11,,,,,,,,,,,,,,,,,,,,,,,,,,,,
2023-03-01 22:00:00,G12,,,,,,,,,,,,,,,,,,,,,,,,,,,,
2023-03-01 22:00:00,G13,,,,,,,,,,,,,,,,,,,,,,,,,,,,
2023-03-01 22:00:00,G14,,,,,,,,,,,,,,,,,,,,,,,,,,,,
2023-03-01 22:00:00,G15,,,,,,,,,,,,,,,,,,,,,,,,,,,,
2023-03-01 22:00:00,G16,,,,,,,,,,,,,,,,,,,,,,,,,,,,
2023-03-01 22:00:00,G17,,,,,,,,,,,,,,,,,,,,,,,,,,,,
2023-03-01 22:00:00,G18,,,,,,,,,,,,,,,,,,,,,,,,,,,,
2023-03-01 22:00:00,G19,,,,,,,,,,,,,,,,,,,,,,,,,,,,
2023-03-01 22:00:00,G20,,,,,,,,,,,,,,,,,,,,,,,,,,,,
2023-03-01 22:00:00,G21,,,,,,,,,,,,,,,,,,,,,,,,,,,,
2023-03-01 22:00:00,G22,,,,,,,,,,,,,,,,,,,,,,,,,,,,
2023-03-01 22:00:00,G23,,,,,,,,,,,,,,,,,,,,,,,,,,,,
2023-03-01 22:00:00,G24,,,,,,,,,,,,,,,,,,,,,,,,,,,,
2023-03-01 22:00:00,G25,,,,,,,,,,,,,,,,,,,,,,,,,,,,
2023-03-01 22:00:00,G26,,,,,,,,,,,,,,,,,,,,,,,,,,,,
2023-03-01 22:00:00,G27,,,,,,,,,,,,,,,,,,,,,,,,,,,,
2023-03-01 22:00:00,G28,,,,,,,,,,,,,,,,,,,,,,,,,,,,
2023-03-01 22:00:00,G29,,,,,,,,,,,,,,,,,,,,,,,,,,,,
2023-03-01 22:00:00,G30,,,,,,,,,,,,,,,,,,,,,,,,,,,,
2023-03-01 22:00:00,G31,,,,,,,,,,,,,,,,,,,,,,,,,,,,
2023-03-01 22:00:00,G32,,,,,,,,,,,,,,,,,,,,,,,,,,,,
2023-03-02 00:00:00,G01,,,,,,,,,,,,,,,,,,,,,,,,,,,,
2023-03-02 00:00:00,G02,,,,,,,,,,,,,,,,,,,,,,,,,,,,
2023-03-02 00:00:00,G03,,,,,,,,,,,,,,,,,,,,,,,,,,,,
2023-03-02 00:00:00,G05,,,,,,,,,,,,,,,,,,,,,,,,,,,,
2023-03-02 00:00:00,G06,,,,,,,,,,,,,,,,,,,,,,,,,,,,
2023-03-02 00:00:00,G07,,,,,,,,,,,,,,,,,,,,,,,,,,,,
2023-03-02 00:00:00,G08,,,,,,,,,,,,,,,,,,,,,,,,,,,,
2023-03-02 00:00:00,G09,,,,,,,,,,,,,,,,,,,,,,,,,,,,
2023-03-02 00:00:00,G10,,,,,,,,,,,,,,,,,,,,,,,,,,,,
2023-03-02 00:00:00,G11,,,,,,,,,,,,,,,,,,,,,,,,,,,,
2023-03-02 00:00:00,G12,,,,,,,,,,,,,,,,,,,,,,,,,,,,
2023-03-02 00:00:00,G13,,,,,,,,,,,,,,,,,,,,,,,,,,,,
2023-03-02 00:00:00,G14,,,,,,,,,,,,,,,,,,,,,,,,,,,,
2023-03-02 00:00:00,G15,,,,,,,,,,,,,,,,,,,,,,,,,,,,
2023-03-02 00:00:00,G16,,,,,,,,,,,,,,,,,,,,,,,,,,,,
2023-03-02 00:00:00,G17,,,,,,,,,,,,,,,,,,,,,,,,,,,,
2023-03-02 00:00:00,G18,,,,,,,,,,,,,,,,,,,,,,,,,,,,
2023-03-02 00:00:00,G19,,,,,,,,,,,,,,,,,,,,,,,,,,,,
2023-03-02 00:00:00,G20,,,,,,,,,,,,,,,,,,,,,,,,,,,,
2023-03-02 00:00:00,G21,,,,,,,,,,,,,,,,,,,,,,,,,,,,
2023-03-02 00:00:00,G22,,,,,,,,,,,,,,,,,,,,,,,,,,,,
2023-03-02 00:00:00,G23,,,,,,,,,,,,,,,,,,,,,,,,,,,,
2023-03-02 00:00:00,G24,,,,,,,,,,,,,,,,,,,,,,,,,,,,
2023-03-02 00:00:00,G25,,,,,,,,,,,,,,,,,,,,,,,,,,,,
2023-03-02 00:00:00,G26,,,,,,,,,,,,,,,,,,,,,,,,,,,,
2023-03-02 00:00:00,G27,,,,,,,,,,,,,,,,,,,,,,,,,,,,
2023-03-02 00:00:00,G28,,,,,,,,,,,,,,,,,,,,,,,,,,,,
2023-03-02 00:00:00,G29,,,,,,,,,,,,,,,,,,,,,,,,,,,,
2023-03-02 00:00:00,G30,,,,,,,,,,,,,,,,,,,,,,,,,,,,
2023-03-02 00:00:00,G31,,,,,,,,,,,,,,,,,,,,,,,,,,,,
2023-03-02 00:00:00,G32,-0.0004111481830478,-1.125499693444e-11,0.0,57.0,-39.59375,4.360895934534e-09,-1.408856036738,-2.069398760796e-06,0.00667931616772,9.333714842796e-06,5153.715105057,345600.0,2.123415470123e-07,-0.3185286303731,-2.607703208923e-08,0.9596928258926,199.75,-2.245198110313,-7.789253025082e-09,2.053656971627e-10,1.0,2251.0,0.0,2.0,0.0,4.656612873077e-10,57.0,338400.0
2023-03-02 01:59:44,G01,,,,,,,,,,,,,,,,,,,,,,,,,,,,
2023-03-02 01:59:44,G02,,,,,,,,,,,,,,,,,,,,,,,,,,,,
2023-03-02 01:59:44,G03,,,,,,,,,,,,,,,,,,,,,,,,,,,,
2023-03-02 01:59:44,G05,,,,,,,,,,,,,,,,,,,,,,,,,,,,
2023-03-02 01:59:44,G06,,,,,,,,,,,,,,,,,,,,,,,,,,,,
2023-03-02 01:59:44,G07,,,,,,,,,,,,,,,,,,,,,,,,,,,,
2023-03-02 01:59:44,G08,,,,,,,,,,,,,,,,,,,,,,,,,,,,
2023-03-02 01:59:44,G09,,,,,,,,,,,,,,,,,,,,,,,,,,,,
2023-03-02 01:59:44,G10,,,,,,,,,,,,,,,,,,,,,,,,,,,,
2023-03-02 01:59:44,G11,,,,,,,,,,,,,,,,,,,,,,,,,,,,
2023-03-02 01:59:44,G12,,,,,,,,,,,,,,,,,,,,,,,,,,,,
2023-03-02 01:59:44,G13,,,,,,,,,,,,,,,,,,,,,,,,,,,,
2023-03-02 01:59:44,G14,,,,,,,,,,,,,,,,,,,,,,,,,,,,
2023-03-02 01:59:44,G15,,,,,,,,,,,,,,,,,,,,,,,,,,,,
2023-03-02 01:59:44,G16,,,,,,,,,,,,,,,,,,,,,,,,,,,,
2023-03-02 01:59:44,G17,,,,,,,,,,,,,,,,,,,,,,,,,,,,
2023-03-02 01:59:44,G18,,,,,,,,,,,,,,,,,,,,,,,,,,,,
2023-03-02 01:59:44,G19,,,,,,,,,,,,,,,,,,,,,,,,,,,,
2023-03-02 01:59:44,G20,,,,,,,,,,,,,,,,,,,,,,,,,,,,
2023-03-02 01:59:44,G21,,,,,,,,,,,,,,,,,,,,,,,,,,,,
2023-03-02 01:59:44,G22,,,,,,,,,,,,,,,,,,,,,,,,,,,,
2023-03-02 01:59:44,G23,,,,,,,,,,,,,,,,,,,,,,,,,,,,
2023-03-02 01:59:44,G24,,,,,,,,,,,,,,,,,,,,,,,,,,,,
2023-03-02 01:59:44,G25,,,,,,,,,,,,,,,,,,,,,,,,,,,,
2023-03-02 01:59:44,G26,,,,,,,,,,,,,,,,,,,,,,,,,,,,
2023-03-02 01:59:44,G27,,,,,,,,,,,,,,,,,,,,,,,,,,,,
2023-03-02 01:59:44,G28,,,,,,,,,,,,,,,,,,,,,,,,,,,,
2023-03-02 01:59:44,G29,,,,,,,,,,,,,,,,,,,,,,,,,,,,
2023-03-02 01:59:44,G30,,,,,,,,,,,,,,,,,,,,,,,,,,,,
2023-03-02 01:59:44,G31,-0.0002105748280883,-1.023181539495e-12,0.0,7.0,16.4375,4.854130765459e-09,1.817098269002,8.568167686462e-07,0.01062546367757,6.863847374916e-06,5154.168548584,352784.0,-1.806765794754e-07,0.7595369433624,8.009374141693e-08,0.9546318768895,248.0,0.516643844587,-8.111052143593e-09,8.571785620706e-11,1.0,2251.0,0.0,2.0,0.0,-1.350417733192e-08,7.0,347700.0
2023-03-02 01:59:44,G32,,,,,,,,,,,,,,,,,,,,,,,,,,,,
2023-03-02 02:00:00,G01,0.0002071019262075,-3.979039320257e-12,0.0,39.0,19.53125,3.951236013411e-09,3.029707785044,8.624047040939e-07,0.01242677145638,3.300607204437e-06,5153.651189804,352800.0,1.303851604462e-08,-2.388305005141,-2.253800630569e-07,0.9895930354706,329.0625,0.9381179821623,-7.747108412447e-09,8.036049019412e-11,1.0,2251.0,0.0,2.0,0.0,4.656612873077e-09,39.0,345600.0
2023-03-02 02:00:00,G02,,,,,,,,,,,,,,,,,,,,,,,,,,,,
2023-03-02 02:00:00,G03,,,,,,,,,,,,,,,,,,,,,,,,,,,,
2023-03-02 02:00:00,G05,,,,,,,,,,,,,,,,,,,,,,,,,,,,
2023-03-02 02:00:00,G06,,,,,,,,,,,,,,,,,,,,,,,,,,,,
2023-03-02 02:00:00,G07,,,,,,,,,,,,,,,,,,,,,,,,,,,,
2023-03-02 02:00:00,G08,,,,,,,,,,,,,,,,,,,,,,,,,,,,
2023-03-02 02:00:00,G09,,,,,,,,,,,,,,,,,,,,,,,,,,,,
2023-03-02 02:00:00,G10,,,,,,,,,,,,,,,,,,,,,,,,,,,,
2023-03-02 02:00:00,G11,,,,,,,,,,,,,,,,,,,,,,,,,,,,
2023-03-02 02:00:00,G12,-0.0003464287146926,-4.661160346586e-12,0.0,49.0,23.09375,4.388039922333e-09,1.62646075031,1.078471541405e-06,0.008948668837547,8.177012205124e-06,5153.648019791,352800.0,-1.024454832077e-07,1.854757670262,-2.328306436539e-07,0.9658866806001,223.59375,1.342599249539,-7.877828143163e-09,-3.200133298397e-10,1.0,2251.0,0.0,2.8,0.0,-1.257285475731e-08,49.0,345600.0
2023-03-02 02:00:00,G13,,,,,,,,,,,,,,,,,,,,,,,,,,,,
2023-03-02 02:00:00,G14,,,,,,,,,,,,,,,,,,,,,,,,,,,,
2023-03-02 02:00:00,G15,,,,,,,,,,,,,,,,,,,,,,,,,,,,
2023-03-02 02:00:00,G16,,,,,,,,,,,,,,,,,,,,,,,,,,,,
2023-03-02 02:00:00,G17,,,,,,,,,,,,,,,,,,,,,,,,,,,,
2023-03-02 02:00:00,G18,,,,,,,,,,,,,,,,,,,,,,,,,,,,
2023-03-02 02:00:00,G19,0.0002844263799489,5.115907697473e-12,0.0,71.0,79.15625,4.148744240422e-09,1.071624063089,3.97302210331e-06,0.00914372166153,7.053837180138e-06,5153.613786697,352800.0,1.508742570877e-07,2.938292702634,-1.657754182816e-07,0.9746565628837,250.40625,2.248056115349,-7.887471401986e-09,1.392915163365e-11,1.0,2251.0,0.0,2.0,0.0,-1.536682248116e-08,71.0,345600.0
2023-03-02 02:00:00,G20,,,,,,,,,,,,,,,,,,,,,,,,,,,,
2023-03-02 02:00:00,G21,0.0001542218960822,1.136868377216e-13,0.0,181.0,24.59375,4.726982612085e-09,-1.092780310366,1.171603798866e-06,0.0248700028751,4.168599843979e-06,5153.646257401,352800.0,-2.719461917877e-07,-2.489535391576,-2.346932888031e-07,0.9616095631038,306.21875,-0.8054102873142,-8.576071513516e-09,3.871589838686e-10,1.0,2251.0,0.0,2.8,0.0,-1.024454832077e-08,181.0,345600.0
2023-03-02 02:00:00,G22,0.0004370706155896,7.503331289627e-12,0.0,18.0,-32.03125,4.359467303597e-09,-1.280799019906,-1.532956957817e-06,0.01401479751803,9.277835488319e-06,5153.602018356,352800.0,7.636845111847e-08,-0.2269286980226,3.371387720108e-07,0.9627538781063,202.96875,-1.823513719226,-7.885328455581e-09,1.678641350722e-10,1.0,2251.0,0.0,2.0,63.0,-7.916241884232e-09,18.0,345600.0
2023-03-02 02:00:00,G23,,,,,,,,,,,,,,,,,,,,,,,,,,,,
2023-03-02 02:00:00,G24,,,,,,,,,,,,,,,,,,,,,,,,,,,,
2023-03-02 02:00:00,G25,0.000424281693995,3.069544618484e-12,0.0,86.0,17.5,4.744126183327e-09,1.523899278122,8.195638656616e-07,0.01118166313972,7.862225174904e-06,5153.767017365,352800.0,-2.6635825634e-07,1.773414139532,-6.519258022308e-08,0.953510794489,224.125,1.036619155943,-8.146410759278e-09,-3.603721538038e-10,1.0,2251.0,0.0,2.0,0.0,5.587935447693e-09,86.0,345630.0
2023-03-02 02:00:00,G26,,,,,,,,,,,,,,,,,,,,,,,,,,,,
2023-03-02 02:00:00,G27,,,,,,,,,,,,,,,,,,,,,,,,,,,,
2023-03-02 02:00:00,G28,3.058603033423e-05,1.227817847393e-11,0.0,141.0,17.15625,4.68483799945e-09,0.8379052000806,8.754432201385e-07,0.0009659206261858,6.783753633499e-06,5153.62587738,352800.0,2.235174179077e-08,0.7015935026769,-2.235174179077e-08,0.9617295311638,250.71875,1.694126146217,-8.003190507866e-09,1.832219176426e-10,1.0,2251.0,0.0,2.0,0.0,-1.396983861923e-09,397.0,345600.0
2023-03-02 02:00:00,G29,,,,,,,,,,,,,,,,,,,,,,,,,,,,
2023-03-02 02:00:00,G30,,,,,,,,,,,,,,,,,,,,,,,,,,,,
2023-03-02 02:00:00,G31,,,,,,,,,,,,,,,,,,,,,,,,,,,,
2023-03-02 02:00:00,G32,,,,,,,,,,,,,,,,,,,,,,,,,,,,
2023-03-02 04:00:00,G01,,,,,,,,,,,,,,,,,,,,,,,,,,,,
2023-03-02 04:00:00,G02,,,,,,,,,,,,,,,,,,,,,,,,,,,,
2023-03-02 04:00:00,G03,-0.0003564059734344,5.684341886081e-12,0.0,120.0,-83.46875,4.107313943255e-09,2.932471324424,-4.399567842484e-06,0.004514998639934,5.381181836128e-06,5153.716663361,360000.0,-1.676380634308e-08,-1.356751438578,-9.499490261078e-08,0.9774654094835,281.28125,1.008821619001,-7.857827310048e-09,-1.139333172086e-10,1.0,2251.0,0.0,2.0,0.0,1.862645149231e-09,120.0,352800.0
2023-03-02 04:00:00,G05,,,,,,,,,,,,,,,,,,,,,,,,,,,,
2023-03-02 04:00:00,G06,,,,,,,,,,,,,,,,,,,,,,,,,,,,
2023-03-02 04:00:00,G07,,,,,,,,,,,,,,,,,,,,,,,,,,,,
2023-03-02 04:00:00,G08,,,,,,,,,,,,,,,,,,,,,,,,,,,,
2023-03-02 04:00:00,G09,,,,,,,,,,,,,,,,,,,,,,,,,,,,
2023-03-02 04:00:00,G10,,,,,,,,,,,,,,,,,,,,,,,,,,,,
2023-03-02 04:00:00,G11,,,,,,,,,,,,,,,,,,,,,,,,,,,,
2023-03-02 04:00:00,G12,,,,,,,,,,,,,,,,,,,,,,,,,,,,
2023-03-02 04:00:00,G13,,,,,,,,,,,,,,,,,,,,,,,,,,,,
2023-03-02 04:00:00,G14,,,,,,,,,,,,,,,,,,,,,,,,,,,,
2023-03-02 04:00:00,G15,,,,,,,,,,,,,,,,,,,,,,,,,,,,
2023-03-02 04:00:00,G16,,,,,,,,,,,,,,,,,,,,,,,,,,,,
2023-03-02 04:00:00,G17,,,,,,,,,,,,,,,,,,,,,,,,,,,,
2023-03-02 04:00:00,G18,,,,,,,,,,,,,,,,,,,,,,,,,,,,
2023-03-02 04:00:00,G19,,,,,,,,,,,,,,,,,,,,,,,,,,,,
2023-03-02 04:00:00,G20,,,,,,,,,,,,,,,,,,,,,,,,,,,,
2023-03-02 04:00:00,G21,,,,,,,,,,,,,,,,,,,,,,,,,,,,
2023-03-02 04:00:00,G22,,,,,,,,,,,,,,,,,,,,,,,,,,,,
2023-03-02 04:00:00,G23,,,,,,,,,,,,,,,,,,,,,,,,,,,,
2023-03-02 04:00:00,G24,,,,,,,,,,,,,,,,,,,,,,,,,,,,
2023-03-02 04:00:00,G25,,,,,,,,,,,,,,,,,,,,,,,,,,,,
2023-03-02 04:00:00,G26,0.0002418295480311,2.273736754432e-13,0.0,14.0,11.6875,5.192001982008e-09,1.802349970105,6.37024641037e-07,0.007871445384808,7.41146504879e-06,5153.646123886,360000.0,-1.266598701477e-07,1.719264854419,5.587935447693e-08,0.9342925684185,223.59375,0.4564700828855,-8.311060474743e-09,-4.089456056545e-10,1.0,2251.0,0.0,2.0,0.0,6.984919309616e-09,14.0,352800.0
2023-03-02 04:00:00,G27,,,,,,,,,,,,,,,,,,,,,,,,,,,,
2023-03-02 04:00:00,G28,,,,,,,,,,,,,,,,,,,,,,,,,,,,
2023-03-02 04:00:00,G29,-0.0005887942388654,-1.932676241267e-12,0.0,57.0,90.5,3.981237263084e-09,0.07206180413196,4.621222615242e-06,0.002242207876407,7.694587111473e-06,5153.577926636,360000.0,9.313225746155e-09,2.907526578678,-1.490116119385e-08,0.9778470219049,237.90625,2.391043391755,-7.837112161465e-09,5.678807973718e-11,1.0,2251.0,0.0,2.0,0.0,-1.024454832077e-08,57.0,352800.0
2023-03-02 04:00:00,G30,,,,,,,,,,,,,,,,,,,,,,,,,,,,
2023-03-02 04:00:00,G31,,,,,,,,,,,,,,,,,,,,,,,,,,,,
2023-03-02 04:00:00,G32,,,,,,,,,,,,,,,,,,,,,,,,,,,,
2023-03-02 05:59:28,G01,,,,,,,,,,,,,,,,,,,,,,,,,,,,
2023-03-02 05:59:28,G02,,,,,,,,,,,,,,,,,,,,,,,,,,,,
2023-03-02 05:59:28,G03,,,,,,,,,,,,,,,,,,,,,,,,,,,,
2023-03-02 05:59:28,G05,,,,,,,,,,,,,,,,,,,,,,,,,,,,
2023-03-02 05:59:28,G06,0.0005776942707598,3.52429196937e-12,0.0,48.0,25.4375,4.046597128442e-09,-0.9313682024926,1.098960638046e-06,0.002923202351667,3.58372926712e-06,5153.620992661,367168.0,1.490116119385e-08,-2.396727827666,-5.40167093277e-08,0.9888428115808,325.5,-0.8181301610565,-8.024262814183e-09,1.875078104529e-10,1.0,2251.0,0.0,2.0,0.0,3.725290298462e-09,48.0,360000.0
2023-03-02 05:59:28,G07,,,,,,,,,,,,,,,,,,,,,,,,,,,,
2023-03-02 05:59:28,G08,,,,,,,,,,,,,,,,,,,,,,,,,,,,
2023-03-02 05:59:28,G09,,,,,,,,,,,,,,,,,,,,,,,,,,,,
2023-03-02 05:59:28,G10,,,,,,,,,,,,,,,,,,,,,,,,,,,,
2023-03-02 05:59:28,G11,,,,,,,,,,,,,,,,,,,,,,,,,,,,
2023-03-02 05:59:28,G12,,,,,,,,,,,,,,,,,,,,,,,,,,,,
2023-03-02 05:59:28,G13,,,,,,,,,,,,,,,,,,,,,,,,,,,,
2023-03-02 05:59:28,G14,,,,,,,,,,,,,,,,,,,,,,,,,,,,
2023-03-02 05:59:28,G15,,,,,,,,,,,,,,,,,,,,,,,,,,,,
2023-03-02 05:59:28,G16,,,,,,,,,,,,,,,,,,,,,,,,,,,,
2023-03-02 05:59:28,G17,,,,,,,,,,,,,,,,,,,,,,,,,,,,
2023-03-02 05:59:28,G18,,,,,,,,,,,,,,,,,,,,,,,,,,,,
2023-03-02 05:59:28,G19,,,,,,,,,,,,,,,,,,,,,,,,,,,,
2023-03-02 05:59:28,G20,,,,,,,,,,,,,,,,,,,,,,,,,,,,
2023-03-02 05:59:28,G21,,,,,,,,,,,,,,,,,,,,,,,,,,,,
2023-03-02 05:59:28,G22,,,,,,,,,,,,,,,,,,,,,,,,,,,,
2023-03-02 05:59:28,G23,,,,,,,,,,,,,,,,,,,,,,,,,,,,
2023-03-02 05:59:28,G24,,,,,,,,,,,,,,,,,,,,,,,,,,,,
2023-03-02 05:59:28,G25,,,,,,,,,,,,,,,,,,,,,,,,,,,,
2023-03-02 05:59:28,G26,,,,,,,,,,,,,,,,,,,,,,,,,,,,
2023-03-02 05:59:28,G27,,,,,,,,,,,,,,,,,,,,,,,,,,,,
2023-03-02 05:59:28,G28,,,,,,,,,,,,,,,,,,,,,,,,,,,,
2023-03-02 05:59:28,G29,,,,,,,,,,,,,,,,,,,,,,,,,,,,
2023-03-02 05:59:28,G30,,,,,,,,,,,,,,,,,,,,,,,,,,,,
2023-03-02 05:59:28,G31,,,,,,,,,,,,,,,,,,,,,,,,,,,,
2023-03-02 05:59:28,G32,,,,,,,,,,,,,,,,,,,,,,,,,,,,
2023-03-02 05:59:44,G01,,,,,,,,,,,,,,,,,,,,,,,,,,,,
2023-03-02 05:59:44,G02,,,,,,,,,,,,,,,,,,,,,,,,,,,,
2023-03-02 05:59:44,G03,,,,,,,,,,,,,,,,,,,,,,,,,,,,
2023-03-02 05:59:44,G05,,,,,,,,,,,,,,,,,,,,,,,,,,,,
2023-03-02 05:59:44,G06,,,,,,,,,,,,,,,,,,,,,,,,,,,,
2023-03-02 05:59:44,G07,,,,,,,,,,,,,,,,,,,,,,,,,,,,
2023-03-02 05:59:44,G08,,,,,,,,,,,,,,,,,,,,,,,,,,,,
2023-03-02 05:59:44,G09,,,,,,,,,,,,,,,,,,,,,,,,,,,,
2023-03-02 05:59:44,G10,,,,,,,,,,,,,,,,,,,,,,,,,,,,
2023-03-02 05:59:44,G11,,,,,,,,,,,,,,,,,,,,,,,,,,,,
2023-03-02 05:59:44,G12,,,,,,,,,,,,,,,,,,,,,,,,,,,,
2023-03-02 05:59:44,G13,,,,,,,,,,,,,,,,,,,,,,,,,,,,
2023-03-02 05:59:44,G14,,,,,,,,,,,,,,,,,,,,,,,,,,,,
2023-03-02 05:59:44,G15,,,,,,,,,,,,,,,,,,,,,,,,,,,,
2023-03-02 05:59:44,G16,-0.0005176467821002,1.932676241267e-12,0.0,15.0,20.65625,4.400183285296e-09,1.879261859691,9.648501873016e-07,0.01341274054721,8.424744009972e-06,5153.558610916,367184.0,-2.868473529816e-07,1.87299050251,-1.154839992523e-07,0.9656264113817,222.9375,0.7759867871473,-7.902472026823e-09,-4.364467511876e-10,1.0,2251.0,0.0,2.0,0.0,-1.024454832077e-08,15.0,360000.0
2023-03-02 05:59:44,G17,,,,,,,,,,,,,,,,,,,,,,,,,,,,
2023-03-02 05:59:44,G18,,,,,,,,,,,,,,,,,,,,,,,,,,,,
2023-03-02 05:59:44,G19,,,,,,,,,,,,,,,,,,,,,,,,,,,,
2023-03-02 05:59:44,G20,,,,,,,,,,,,,,,,,,,,,,,,,,,,
2023-03-02 05:59:44,G21,,,,,,,,,,,,,,,,,,,,,,,,,,,,
2023-03-02 05:59:44,G22,,,,,,,,,,,,,,,,,,,,,,,,,,,,
2023-03-02 05:59:44,G23,,,,,,,,,,,,,,,,,,,,,,,,,,,,
2023-03-02 05:59:44,G24,,,,,,,,,,,,,,,,,,,,,,,,,,,,
2023-03-02 05:59:44,G25,,,,,,,,,,,,,,,,,,,,,,,,,,,,
2023-03-02 05:59:44,G26,,,,,,,,,,,,,,,,,,,,,,,,,,,,
2023-03-02 05:59:44,G27,,,,,,,,,,,,,,,,,,,,,,,,,,,,
2023-03-02 05:59:44,G28,,,,,,,,,,,,,,,,,,,,,,,,,,,,
2023-03-02 05:59:44,G29,,,,,,,,,,,,,,,,,,,,,,,,,,,,
2023-03-02 05:59:44,G30,,,,,,,,,,,,,,,,,,,,,,,,,,,,
2023-03-02 05:59:44,G31,,,,,,,,,,,,,,,,,,,,,,,,,,,,
2023-03-02 05:59:44,G32,,,,,,,,,,,,,,,,,,,,,,,,,,,,
2023-03-02 06:00:00,G01,,,,,,,,,,,,,,,,,,,,,,,,,,,,
2023-03-02 06:00:00,G02,,,,,,,,,,,,,,,,,,,,,,,,,,,,
2023-03-02 06:00:00,G03,,,,,,,,,,,,,,,,,,,,,,,,,,,,
2023-03-02 06:00:00,G05,,,,,,,,,,,,,,,,,,,,,,,,,,,,
2023-03-02 06:00:00,G06,,,,,,,,,,,,,,,,,,,,,,,,,,,,
2023-03-02 06:00:00,G07,,,,,,,,,,,,,,,,,,,,,,,,,,,,
2023-03-02 06:00:00,G08,,,,,,,,,,,,,,,,,,,,,,,,,,,,
2023-03-02 06:00:00,G09,-0.0002086600288749,7.275957614183e-12,0.0,65.0,-45.625,4.441256424728e-09,1.407783368148,-2.507120370865e-06,0.002452432760037,9.264796972275e-06,5153.666166306,367200.0,5.587935447693e-09,-0.3314958543044,-7.636845111847e-08,0.9560233080139,195.3125,1.966856281379,-7.865327622466e-09,1.528635102359e-10,1.0,2251.0,0.0,2.0,0.0,1.396983861923e-09,65.0,360000.0
2023-03-02 06:00:00,G10,,,,,,,,,,,,,,,,,,,,,,,,,,,,
2023-03-02 06:00:00,G11,-0.0001182975247502,-1.091393642128e-11,0.0,105.0,18.21875,4.617335187687e-09,0.3076943775745,9.089708328247e-07,0.0007533115567639,3.024935722351e-06,5153.712276459,367200.0,-9.313225746155e-09,-2.353460882932,-2.98023223877e-08,0.9649327263498,324.8125,-2.682696632671,-8.252843764069e-09,1.242908915002e-10,1.0,2251.0,0.0,2.0,0.0,-8.847564458847e-09,105.0,360000.0
2023-03-02 06:00:00,G12,,,,,,,,,,,,,,,,,,,,,,,,,,,,
2023-03-02 06:00:00,G13,,,,,,,,,,,,,,,,,,,,,,,,,,,,
2023-03-02 06:00:00,G14,,,,,,,,,,,,,,,,,,,,,,,,,,,,
2023-03-02 06:00:00,G15,,,,,,,,,,,,,,,,,,,,,,,,,,,,
2023-03-02 06:00:00,G16,,,,,,,,,,,,,,,,,,,,,,,,,,,,
2023-03-02 06:00:00,G17,,,,,,,,,,,,,,,,,,,,,,,,,,,,
2023-03-02 06:00:00,G18,,,,,,,,,,,,,,,,,,,,,,,,,,,,
2023-03-02 06:00:00,G19,,,,,,,,,,,,,,,,,,,,,,,,,,,,
2023-03-02 06:00:00,G20,,,,,,,,,,,,,,,,,,,,,,,,,,,,
2023-03-02 06:00:00,G21,,,,,,,,,,,,,,,,,,,,,,,,,,,,
2023-03-02 06:00:00,G22,,,,,,,,,,,,,,,,,,,,,,,,,,,,
2023-03-02 06:00:00,G23,,,,,,,,,,,,,,,,,,,,,,,,,,,,
2023-03-02 06:00:00,G24,,,,,,,,,,,,,,,,,,,,,,,,,,,,
2023-03-02 06:00:00,G25,,,,,,,,,,,,,,,,,,,,,,,,,,,,
2023-03-02 06:00:00,G26,,,,,,,,,,,,,,,,,,,,,,,,,,,,
2023-03-02 06:00:00,G27,9.046774357557e-05,-8.867573342286e-12,0.0,5.0,85.125,4.124814672231e-09,1.076380650523,4.410743713379e-06,0.0114092802396,8.558854460716e-06,5153.671258926,367200.0,-8.009374141693e-08,2.828550400501,9.685754776001e-08,0.9689497223824,217.9375,0.7049014881478,-8.004619138803e-09,-1.328626771209e-10,1.0,2251.0,0.0,2.0,0.0,1.862645149231e-09,5.0,360030.0
2023-03-02 06:00:00,G28,,,,,,,,,,,,,,,,,,,,,,,,,,,,
2023-03-02 06:00:00,G29,,,,,,,,,,,,,,,,,,,,,,,,,,,,
2023-03-02 06:00:00,G30,,,,,,,,,,,,,,,,,,,,,,,,,,,,
2023-03-02 06:00:00,G31,,,,,,,,,,,,,,,,,,,,,,,,,,,,
2023-03-02 06:00:00,G32,,,,,,,,,,,,,,,,,,,,,,,,,,,,
2023-03-02 07:59:44,G01,,,,,,,,,,,,,,,,,,,,,,,,,,,,
2023-03-02 07:59:44,G02,,,,,,,,,,,,,,,,,,,,,,,,,,,,
2023-03-02 07:59:44,G03,,,,,,,,,,,,,,,,,,,,,,,,,,,,
2023-03-02 07:59:44,G05,-0.0001178779639304,-1.477928890381e-12,0.0,4.0,-84.0,4.518759653049e-09,2.482586138638,-4.453584551811e-06,0.005786986788735,4.848465323448e-06,5153.625822067,374384.0,1.862645149231e-09,-1.402321528389,-9.126961231232e-08,0.9644831657723,288.96875,1.12886753551,-8.011762293487e-09,-7.250302004181e-11,1.0,2251.0,0.0,2.0,0.0,-1.117587089539e-08,4.0,367200.0
2023-03-02 07:59:44,G06,,,,,,,,,,,,,,,,,,,,,,,,,,,,
2023-03-02 07:59:44,G07,,,,,,,,,,,,,,,,,,,,,,,,,,,,
2023-03-02 07:59:44,G08,,,,,,,,,,,,,,,,,,,,,,,,,,,,
2023-03-02 07:59:44,G09,,,,,,,,,,,,,,,,,,,,,,,,,,,,
2023-03-02 07:59:44,G10,,,,,,,,,,,,,,,,,,,,,,,,,,,,
2023-03-02 07:59:44,G11,,,,,,,,,,,,,,,,,,,,,,,,,,,,
2023-03-02 07:59:44,G12,,,,,,,,,,,,,,,,,,,,,,,,,,,,
2023-03-02 07:59:44,G13,,,,,,,,,,,,,,,,,,,,,,,,,,,,
2023-03-02 07:59:44,G14,,,,,,,,,,,,,,,,,,,,,,,,,,,,
2023-03-02 07:59:44,G15,,,,,,,,,,,,,,,,,,,,,,,,,,,,
2023-03-02 07:59:44,G16,,,,,,,,,,,,,,,,,,,,,,,,,,,,
2023-03-02 07:59:44,G17,,,,,,,,,,,,,,,,,,,,,,,,,,,,
2023-03-02 07:59:44,G18,,,,,,,,,,,,,,,,,,,,,,,,,,,,
2023-03-02 07:59:44,G19,,,,,,,,,,,,,,,,,,,,,,,,,,,,
2023-03-02 07:59:44,G20,,,,,,,,,,,,,,,,,,,,,,,,,,,,
2023-03-02 07:59:44,G21,,,,,,,,,,,,,,,,,,,,,,,,,,,,
2023-03-02 07:59:44,G22,,,,,,,,,,,,,,,,,,,,,,,,,,,,
2023-03-02 07:59:44,G23,,,,,,,,,,,,,,,,,,,,,,,,,,,,
2023-03-02 07:59:44,G24,,,,,,,,,,,,,,,,,,,,,,,,,,,,
2023-03-02 07:59:44,G25,,,,,,,,,,,,,,,,,,,,,,,,,,,,
2023-03-02 07:59:44,G26,,,,,,,,,,,,,,,,,,,,,,,,,,,,
2023-03-02 07:59:44,G27,,,,,,,,,,,,,,,,,,,,,,,,,,,,
2023-03-02 07:59:44,G28,,,,,,,,,,,,,,,,,,,,,,,,,,,,
2023-03-02 07:59:44,G29,,,,,,,,,,,,,,,,,,,,,,,,,,,,
2023-03-02 07:59:44,G30,,,,,,,,,,,,,,,,,,,,,,,,,,,,
2023-03-02 07:59:44,G31,,,,,,,,,,,,,,,,,,,,,,,,,,,,
2023-03-02 07:59:44,G32,,,,,,,,,,,,,,,,,,,,,,,,,,,,
2023-03-02 08:00:00,G01,,,,,,,,,,,,,,,,,,,,,,,,,,,,
2023-03-02 08:00:00,G02,-0.0006173131987453,2.728484105319e-12,0.0,21.0,34.1875,4.568761735836e-09,-1.105273308921,2.032145857811e-06,0.01996768161189,4.09223139286e-06,5153.683664322,374400.0,-3.613531589508e-07,-2.485548928107,1.043081283569e-07,0.9672839341384,311.5625,-1.321540330202,-8.467495562321e-09,2.910835533698e-10,1.0,2251.0,0.0,2.0,0.0,-1.769512891769e-08,21.0,367200.0
2023-03-02 08:00:00,G03,,,,,,,,,,,,,,,,,,,,,,,,,,,,
2023-03-02 08:00:00,G05,,,,,,,,,,,,,,,,,,,,,,,,,,,,
2023-03-02 08:00:00,G06,,,,,,,,,,,,,,,,,,,,,,,,,,,,
2023-03-02 08:00:00,G07,0.0002312790602446,-7.389644451905e-12,0.0,25.0,19.375,5.054496254343e-09,-0.6905903194131,1.095235347748e-06,0.01683471223805,6.416812539101e-06,5153.579828262,374400.0,1.303851604462e-08,0.739754322034,3.1478703022e-07,0.9505421416442,249.9375,-2.221325740573,-8.397135488684e-09,4.357324357192e-11,1.0,2251.0,0.0,2.0,0.0,-1.117587089539e-08,25.0,367200.0
2023-03-02 08:00:00,G08,-0.0001109591685236,-1.818989403546e-12,0.0,41.0,90.46875,4.286249968087e-09,2.116451029172,4.654750227928e-06,0.008373195421882,8.504837751389e-06,5153.670639038,374400.0,-1.117587089539e-07,2.80589216938,9.872019290924e-08,0.9600754243208,214.59375,0.226055555367,-7.936044853837e-09,-8.036049019412e-11,1.0,2251.0,0.0,2.0,0.0,5.122274160385e-09,41.0,367200.0
2023-03-02 08:00:00,G09,,,,,,,,,,,,,,,,,,,,,,,,,,,,
2023-03-02 08:00:00,G10,,,,,,,,,,,,,,,,,,,,,,,,,,,,
2023-03-02 08:00:00,G11,,,,,,,,,,,,,,,,,,,,,,,,,,,,
2023-03-02 08:00:00,G12,,,,,,,,,,,,,,,,,,,,,,,,,,,,
2023-03-02 08:00:00,G13,0.0004841513000429,5.911715561524e-12,0.0,49.0,-33.125,4.28053544434e-09,1.66585427418,-1.745298504829e-06,0.006790745072067,9.700655937195e-06,5153.670696259,374400.0,-1.993030309677e-07,-0.1727131354068,-3.911554813385e-08,0.9699467420151,198.84375,0.9287928493217,-7.773538084778e-09,2.482246252663e-10,1.0,2251.0,0.0,2.0,0.0,-1.117587089539e-08,49.0,367200.0
2023-03-02 08:00:00,G14,-1.463619992137e-05,9.663381206337e-12,0.0,12.0,10.0625,4.677694844766e-09,-1.4408341576,4.991888999939e-07,0.002742596901953,7.804483175278e-06,5153.664514542,374400.0,-1.303851604462e-07,1.817264466737,-1.080334186554e-07,0.9492290073583,224.9375,-3.084654402935,-7.956045686952e-09,-4.064455015151e-10,1.0,2251.0,0.0,2.0,0.0,-7.916241884232e-09,268.0,367200.0
2023-03-02 08:00:00,G15,1.793075352907e-05,3.296918293927e-12,0.0,34.0,-57.46875,5.219860285276e-09,1.147055102146,-2.942979335785e-06,0.01476291823201,9.795650839806e-06,5153.686994553,374400.0,-3.054738044739e-07,-0.447620301868,-1.303851604462e-08,0.9321915137697,182.53125,1.180666284313,-8.416064848597e-09,9.286101089098e-11,1.0,2251.0,0.0,2.0,0.0,-1.071020960808e-08,34.0,367200.0
2023-03-02 08:00:00,G16,,,,,,,,,,,,,,,,,,,,,,,,,,,,
2023-03-02 08:00:00,G17,0.0007031238637865,2.273736754432e-12,0.0,8.0,74.125,3.822659229101e-09,2.073907203382,3.848224878311e-06,0.01360950234812,7.970258593559e-06,5153.725948334,374400.0,2.253800630569e-07,2.893539977337,-5.587935447693e-08,0.9756295409208,228.4375,-1.417403728097,-7.502098206789e-09,-1.78578867098e-12,1.0,2251.0,0.0,2.0,0.0,-1.117587089539e-08,8.0,367590.0
2023-03-02 08:00:00,G18,,,,,,,,,,,,,,,,,,,,,,,,,,,,
2023-03-02 08:00:00,G19,,,,,,,,,,,,,,,,,,,,,,,,,,,,
2023-03-02 08:00:00,G20,0.0004475601017475,-2.387423592154e-12,0.0,65.0,-71.21875,4.979850287896e-09,0.7618434458375,-3.820285201073e-06,0.004383339546621,4.155561327934e-06,5153.762447357,374400.0,1.303851604462e-08,-1.523285282626,5.215406417847e-08,0.9469437815637,293.875,-2.903108920105,-8.394635384545e-09,-6.893144269984e-11,1.0,2251.0,0.0,2.0,0.0,-8.381903171539e-09,65.0,367200.0
2023-03-02 08:00:00,G21,,,,,,,,,,,,,,,,,,,,,,,,,,,,
2023-03-02 08:00:00,G22,,,,,,,,,,,,,,,,,,,,,,,,,,,,
2023-03-02 08:00:00,G23,8.502509444952e-06,1.818989403546e-12,0.0,139.0,-93.21875,4.335180577672e-09,-1.013487116378,-4.813075065613e-06,0.002998592564836,5.295500159264e-06,5153.652114868,374400.0,1.862645149231e-08,-1.386319722284,-7.450580596924e-09,0.9723290309613,283.125,-3.09453329123,-8.034977546209e-09,-3.071556514086e-11,1.0,2251.0,0.0,2.0,0.0,-8.381903171539e-09,907.0,367200.0
2023-03-02 08:00:00,G24,-9.497022256255e-05,-1.557509676786e-11,0.0,38.0,17.3125,5.444512500085e-09,0.1761266879721,1.061707735062e-06,0.01372846611775,6.679445505142e-06,5153.654592514,374400.0,-5.40167093277e-08,0.6505595425762,1.955777406693e-07,0.9341738833376,235.53125,0.8861065484773,-8.592500769289e-09,7.071723137082e-11,1.0,2251.0,0.0,2.0,0.0,2.328306436539e-09,38.0,368280.0
2023-03-02 08:00:00,G25,,,,,,,,,,,,,,,,,,,,,,,,,,,,
2023-03-02 08:00:00,G26,,,,,,,,,,,,,,,,,,,,,,,,,,,,
2023-03-02 08:00:00,G27,,,,,,,,,,,,,,,,,,,,,,,,,,,,
2023-03-02 08:00:00,G28,,,,,,,,,,,,,,,,,,,,,,,,,,,,
2023-03-02 08:00:00,G29,,,,,,,,,,,,,,,,,,,,,,,,,,,,
2023-03-02 08:00:00,G30,-0.0005284929648042,1.477928890381e-12,0.0,86.0,19.0,5.266290790721e-09,-0.8512190770798,8.754432201385e-07,0.006192565197125,6.312504410744e-06,5153.624536514,374400.0,1.359730958939e-07,0.7471585776052,3.352761268616e-08,0.9356666639637,242.6875,-2.642427635717,-8.319989418098e-09,7.000291590243e-11,1.0,2251.0,0.0,2.0,0.0,3.725290298462e-09,86.0,367200.0
2023-03-02 08:00:00,G31,,,,,,,,,,,,,,,,,,,,,,,,,,,,
2023-03-02 08:00:00,G32,,,,,,,,,,,,,,,,,,,,,,,,,,,,
